Run,ReleaseDate,LoadDate,spots,bases,spots_with_mates,avgLength,size_MB,AssemblyName,download_path,Experiment,LibraryName,LibraryStrategy,LibrarySelection,LibrarySource,LibraryLayout,InsertSize,InsertDev,Platform,Model,SRAStudy,BioProject,Study_Pubmed_id,ProjectID,Sample,BioSample,SampleType,TaxID,ScientificName,SampleName,g1k_pop_code,source,g1k_analysis_group,Subject_ID,Sex,Disease,Tumor,Affection_Status,Analyte_Type,Histological_Type,Body_Site,CenterName,Submission,dbgap_study_accession,Consent,RunHash,ReadHash
SRR13202629,2020-12-07 16:28:17,2020-12-05 18:05:56,9160740,595448100,0,65,263,,https://sra-downloadb.be-md.ncbi.nlm.nih.gov/sos3/sra-pub-run-19/SRR13202629/SRR13202629.1,SRX9635912,,OTHER,other,TRANSCRIPTOMIC,SINGLE,0,0,ILLUMINA,Illumina HiSeq 2000,SRP296472,PRJNA682757,,682757,SRS7835902,SAMN17006965,simple,9606,Homo sapiens,GSM4958135,,,,,,,no,,,,,GEO,SRA1167458,,public,CFE691CE4709C840E56C49FF8593F57C,9018B5C5221DE639F581BCB5FB3277E5
SRR13202630,2020-12-07 16:28:17,2020-12-05 18:05:01,9114087,592415655,0,65,259,,https://sra-downloadb.be-md.ncbi.nlm.nih.gov/sos3/sra-pub-run-21/SRR13202630/SRR13202630.1,SRX9635912,,OTHER,other,TRANSCRIPTOMIC,SINGLE,0,0,ILLUMINA,Illumina HiSeq 2000,SRP296472,PRJNA682757,,682757,SRS7835902,SAMN17006965,simple,9606,Homo sapiens,GSM4958135,,,,,,,no,,,,,GEO,SRA1167458,,public,EF1A7F317E209CCB10E8CEC2C68ECDFC,C70185DA633F07957B4E20B1E9491991
SRR13202631,2020-12-07 16:28:17,2020-12-05 18:05:11,9289407,603811455,0,65,261,,https://sra-downloadb.be-md.ncbi.nlm.nih.gov/sos3/sra-pub-run-20/SRR13202631/SRR13202631.1,SRX9635912,,OTHER,other,TRANSCRIPTOMIC,SINGLE,0,0,ILLUMINA,Illumina HiSeq 2000,SRP296472,PRJNA682757,,682757,SRS7835902,SAMN17006965,simple,9606,Homo sapiens,GSM4958135,,,,,,,no,,,,,GEO,SRA1167458,,public,2691511B3B816889F21B2B647E4FFCF5,936CC9803BA0A116C94BBBAD6D8876BA
SRR13202632,2020-12-07 16:28:17,2020-12-05 18:05:02,9291001,603915065,0,65,257,,https://sra-downloadb.be-md.ncbi.nlm.nih.gov/sos3/sra-pub-run-19/SRR13202632/SRR13202632.1,SRX9635912,,OTHER,other,TRANSCRIPTOMIC,SINGLE,0,0,ILLUMINA,Illumina HiSeq 2000,SRP296472,PRJNA682757,,682757,SRS7835902,SAMN17006965,simple,9606,Homo sapiens,GSM4958135,,,,,,,no,,,,,GEO,SRA1167458,,public,69AC8E4AD1189A3D135CBAE18B28607D,AD774F8CFECBB1457CC3556B25C45F81
SRR13202633,2020-12-07 16:28:17,2020-12-05 18:06:06,11932475,775610875,0,65,345,,https://sra-downloadb.be-md.ncbi.nlm.nih.gov/sos3/sra-pub-run-20/SRR13202633/SRR13202633.1,SRX9635913,,OTHER,other,TRANSCRIPTOMIC,SINGLE,0,0,ILLUMINA,Illumina HiSeq 2000,SRP296472,PRJNA682757,,682757,SRS7835903,SAMN17006964,simple,9606,Homo sapiens,GSM4958136,,,,,,,no,,,,,GEO,SRA1167458,,public,02CEF3EB28CFA1D7F4A425E95262574C,13D201D9C6D34AB7BC7C8D26AFDE6B4A
SRR13202634,2020-12-07 16:28:17,2020-12-05 18:05:58,11877014,772005910,0,65,340,,https://sra-downloadb.be-md.ncbi.nlm.nih.gov/sos3/sra-pub-run-20/SRR13202634/SRR13202634.1,SRX9635913,,OTHER,other,TRANSCRIPTOMIC,SINGLE,0,0,ILLUMINA,Illumina HiSeq 2000,SRP296472,PRJNA682757,,682757,SRS7835903,SAMN17006964,simple,9606,Homo sapiens,GSM4958136,,,,,,,no,,,,,GEO,SRA1167458,,public,3328A07F4EF638DCAF2B26535FEC27B4,47A2A84766D5CDA9A38A9985CCEA6FF4
SRR13202635,2020-12-07 16:28:17,2020-12-05 18:05:57,12085232,785540080,0,65,344,,https://sra-downloadb.be-md.ncbi.nlm.nih.gov/sos3/sra-pub-run-21/SRR13202635/SRR13202635.1,SRX9635913,,OTHER,other,TRANSCRIPTOMIC,SINGLE,0,0,ILLUMINA,Illumina HiSeq 2000,SRP296472,PRJNA682757,,682757,SRS7835903,SAMN17006964,simple,9606,Homo sapiens,GSM4958136,,,,,,,no,,,,,GEO,SRA1167458,,public,CC3E2A4C7F1B45E92710BD918A0F629A,C65FEF1262081BA959AB4BF2D3882BCE
SRR13202636,2020-12-07 16:28:17,2020-12-05 18:05:58,12088138,785728970,0,65,336,,https://sra-downloadb.be-md.ncbi.nlm.nih.gov/sos3/sra-pub-run-21/SRR13202636/SRR13202636.1,SRX9635913,,OTHER,other,TRANSCRIPTOMIC,SINGLE,0,0,ILLUMINA,Illumina HiSeq 2000,SRP296472,PRJNA682757,,682757,SRS7835903,SAMN17006964,simple,9606,Homo sapiens,GSM4958136,,,,,,,no,,,,,GEO,SRA1167458,,public,0C7B39981A5726A5C0AA333E0EBF43D6,C1080793AB28F104B232EE7227B7ED9E
SRR13202637,2020-12-07 16:28:17,2020-12-05 18:05:35,10160257,660416705,0,65,288,,https://sra-downloadb.be-md.ncbi.nlm.nih.gov/sos3/sra-pub-run-19/SRR13202637/SRR13202637.1,SRX9635914,,OTHER,other,TRANSCRIPTOMIC,SINGLE,0,0,ILLUMINA,Illumina HiSeq 2000,SRP296472,PRJNA682757,,682757,SRS7835904,SAMN17006963,simple,9606,Homo sapiens,GSM4958137,,,,,,,no,,,,,GEO,SRA1167458,,public,1D4EB9461FD7586916ADB18BEBD9DD67,3F49416CBEDE34B57E37F937B75EB90A
SRR13202638,2020-12-07 16:28:17,2020-12-05 18:05:36,10114584,657447960,0,65,285,,https://sra-downloadb.be-md.ncbi.nlm.nih.gov/sos3/sra-pub-run-21/SRR13202638/SRR13202638.1,SRX9635914,,OTHER,other,TRANSCRIPTOMIC,SINGLE,0,0,ILLUMINA,Illumina HiSeq 2000,SRP296472,PRJNA682757,,682757,SRS7835904,SAMN17006963,simple,9606,Homo sapiens,GSM4958137,,,,,,,no,,,,,GEO,SRA1167458,,public,DCC54682CFA1ED63A4533DF64094CFD2,B96843D8512FBAF8A1EEEA64697CA52D
SRR13202639,2020-12-07 16:28:17,2020-12-05 18:05:43,10318800,670722000,0,65,287,,https://sra-downloadb.be-md.ncbi.nlm.nih.gov/sos3/sra-pub-run-20/SRR13202639/SRR13202639.1,SRX9635914,,OTHER,other,TRANSCRIPTOMIC,SINGLE,0,0,ILLUMINA,Illumina HiSeq 2000,SRP296472,PRJNA682757,,682757,SRS7835904,SAMN17006963,simple,9606,Homo sapiens,GSM4958137,,,,,,,no,,,,,GEO,SRA1167458,,public,3CDF2DD883CC3F684D2BD4A190B2ABC1,A3A64AFF82D53B0AA104ED0189B131B8
SRR13202640,2020-12-07 16:28:17,2020-12-05 18:05:16,10332434,671608210,0,65,282,,https://sra-downloadb.be-md.ncbi.nlm.nih.gov/sos3/sra-pub-run-19/SRR13202640/SRR13202640.1,SRX9635914,,OTHER,other,TRANSCRIPTOMIC,SINGLE,0,0,ILLUMINA,Illumina HiSeq 2000,SRP296472,PRJNA682757,,682757,SRS7835904,SAMN17006963,simple,9606,Homo sapiens,GSM4958137,,,,,,,no,,,,,GEO,SRA1167458,,public,C2A2C4BF570CC0BF3AC0BC7E46ADD76C,7175AD0060B388A01092CCC31DD4458D
SRR13202641,2020-12-07 16:28:17,2020-12-05 18:04:46,7924034,515062210,0,65,226,,https://sra-downloadb.be-md.ncbi.nlm.nih.gov/sos3/sra-pub-run-19/SRR13202641/SRR13202641.1,SRX9635915,,OTHER,other,TRANSCRIPTOMIC,SINGLE,0,0,ILLUMINA,Illumina HiSeq 2000,SRP296472,PRJNA682757,,682757,SRS7835905,SAMN17006962,simple,9606,Homo sapiens,GSM4958138,,,,,,,no,,,,,GEO,SRA1167458,,public,B94B309DCC4168B750D65BB9467DD905,C0D75AFFA341D372870BA3F1286F4F9F
SRR13202642,2020-12-07 16:28:17,2020-12-05 18:04:50,7897118,513312670,0,65,223,,https://sra-downloadb.be-md.ncbi.nlm.nih.gov/sos3/sra-pub-run-21/SRR13202642/SRR13202642.1,SRX9635915,,OTHER,other,TRANSCRIPTOMIC,SINGLE,0,0,ILLUMINA,Illumina HiSeq 2000,SRP296472,PRJNA682757,,682757,SRS7835905,SAMN17006962,simple,9606,Homo sapiens,GSM4958138,,,,,,,no,,,,,GEO,SRA1167458,,public,C48F59EEF0098CECFECCFDA5DD1227E0,9B4941C99D6B82B0F5D6D7CE1281EACB
SRR13202643,2020-12-07 16:28:17,2020-12-05 18:04:50,8027320,521775800,0,65,223,,https://sra-downloadb.be-md.ncbi.nlm.nih.gov/sos3/sra-pub-run-20/SRR13202643/SRR13202643.1,SRX9635915,,OTHER,other,TRANSCRIPTOMIC,SINGLE,0,0,ILLUMINA,Illumina HiSeq 2000,SRP296472,PRJNA682757,,682757,SRS7835905,SAMN17006962,simple,9606,Homo sapiens,GSM4958138,,,,,,,no,,,,,GEO,SRA1167458,,public,64939FEF1EE990E2B935A8CAAD5A1964,F86F260E0A38267E2A3959FE2A1D725F
SRR13202644,2020-12-07 16:28:17,2020-12-05 18:04:40,8047650,523097250,0,65,220,,https://sra-downloadb.be-md.ncbi.nlm.nih.gov/sos3/sra-pub-run-21/SRR13202644/SRR13202644.1,SRX9635915,,OTHER,other,TRANSCRIPTOMIC,SINGLE,0,0,ILLUMINA,Illumina HiSeq 2000,SRP296472,PRJNA682757,,682757,SRS7835905,SAMN17006962,simple,9606,Homo sapiens,GSM4958138,,,,,,,no,,,,,GEO,SRA1167458,,public,B804B6B2E477860E36D7B9889EB2AC5C,2D24A8664CACF4330B375E4632108785
SRR13202645,2020-12-07 16:28:17,2020-12-05 18:05:02,9232955,600142075,0,65,264,,https://sra-downloadb.be-md.ncbi.nlm.nih.gov/sos3/sra-pub-run-20/SRR13202645/SRR13202645.1,SRX9635916,,OTHER,other,TRANSCRIPTOMIC,SINGLE,0,0,ILLUMINA,Illumina HiSeq 2000,SRP296472,PRJNA682757,,682757,SRS7835906,SAMN17006961,simple,9606,Homo sapiens,GSM4958139,,,,,,,no,,,,,GEO,SRA1167458,,public,DE06CDC04959CFA802B35DC2D30DCFFD,ED666966DD8F6467B21E3C25DD10276B
SRR13202646,2020-12-07 16:28:17,2020-12-05 18:04:46,9185341,597047165,0,65,260,,https://sra-downloadb.be-md.ncbi.nlm.nih.gov/sos3/sra-pub-run-20/SRR13202646/SRR13202646.1,SRX9635916,,OTHER,other,TRANSCRIPTOMIC,SINGLE,0,0,ILLUMINA,Illumina HiSeq 2000,SRP296472,PRJNA682757,,682757,SRS7835906,SAMN17006961,simple,9606,Homo sapiens,GSM4958139,,,,,,,no,,,,,GEO,SRA1167458,,public,084674D1F7FD7ACCD39EDA0A2C6FDA7F,0D71567F7D4367EBF0D056357466217F
SRR13202647,2020-12-07 16:28:17,2020-12-05 18:05:15,9357872,608261680,0,65,261,,https://sra-downloadb.be-md.ncbi.nlm.nih.gov/sos3/sra-pub-run-21/SRR13202647/SRR13202647.1,SRX9635916,,OTHER,other,TRANSCRIPTOMIC,SINGLE,0,0,ILLUMINA,Illumina HiSeq 2000,SRP296472,PRJNA682757,,682757,SRS7835906,SAMN17006961,simple,9606,Homo sapiens,GSM4958139,,,,,,,no,,,,,GEO,SRA1167458,,public,94AE487414D37152ED134A0E13D37169,637EB1CFA0E30F8E1F6634F9433599AA
SRR13202648,2020-12-07 16:28:17,2020-12-05 18:05:13,9359484,608366460,0,65,256,,https://sra-downloadb.be-md.ncbi.nlm.nih.gov/sos3/sra-pub-run-19/SRR13202648/SRR13202648.1,SRX9635916,,OTHER,other,TRANSCRIPTOMIC,SINGLE,0,0,ILLUMINA,Illumina HiSeq 2000,SRP296472,PRJNA682757,,682757,SRS7835906,SAMN17006961,simple,9606,Homo sapiens,GSM4958139,,,,,,,no,,,,,GEO,SRA1167458,,public,A995A53BB93D12D28685ED0D3690D31A,A0D2B708F5C1C1521AD290E0F47046A9
SRR13202649,2020-12-07 16:28:17,2020-12-05 18:05:28,10543007,685295455,0,65,301,,https://sra-downloadb.be-md.ncbi.nlm.nih.gov/sos3/sra-pub-run-19/SRR13202649/SRR13202649.1,SRX9635917,,OTHER,other,TRANSCRIPTOMIC,SINGLE,0,0,ILLUMINA,Illumina HiSeq 2000,SRP296472,PRJNA682757,,682757,SRS7835907,SAMN17006960,simple,9606,Homo sapiens,GSM4958140,,,,,,,no,,,,,GEO,SRA1167458,,public,484569744843E27ACAB86D4A7CE8668B,822C5B61C072B41137723DC3146B2CF1
SRR13202650,2020-12-07 16:28:17,2020-12-05 18:05:08,10482475,681360875,0,65,297,,https://sra-downloadb.be-md.ncbi.nlm.nih.gov/sos3/sra-pub-run-19/SRR13202650/SRR13202650.1,SRX9635917,,OTHER,other,TRANSCRIPTOMIC,SINGLE,0,0,ILLUMINA,Illumina HiSeq 2000,SRP296472,PRJNA682757,,682757,SRS7835907,SAMN17006960,simple,9606,Homo sapiens,GSM4958140,,,,,,,no,,,,,GEO,SRA1167458,,public,8F6829EABC972351AB6433B025565848,BF80C9175843AFF3B2B197A65290DA22
SRR13202651,2020-12-07 16:28:17,2020-12-05 18:05:40,10677471,694035615,0,65,299,,https://sra-downloadb.be-md.ncbi.nlm.nih.gov/sos3/sra-pub-run-21/SRR13202651/SRR13202651.1,SRX9635917,,OTHER,other,TRANSCRIPTOMIC,SINGLE,0,0,ILLUMINA,Illumina HiSeq 2000,SRP296472,PRJNA682757,,682757,SRS7835907,SAMN17006960,simple,9606,Homo sapiens,GSM4958140,,,,,,,no,,,,,GEO,SRA1167458,,public,81F3710059E375C8B78EC1F10D465FFC,113EE64CE3BB8519DEEC55F32F241F7F
SRR13202652,2020-12-07 16:28:17,2020-12-05 18:06:20,10677913,694064345,0,65,294,,https://sra-downloadb.be-md.ncbi.nlm.nih.gov/sos3/sra-pub-run-19/SRR13202652/SRR13202652.1,SRX9635917,,OTHER,other,TRANSCRIPTOMIC,SINGLE,0,0,ILLUMINA,Illumina HiSeq 2000,SRP296472,PRJNA682757,,682757,SRS7835907,SAMN17006960,simple,9606,Homo sapiens,GSM4958140,,,,,,,no,,,,,GEO,SRA1167458,,public,9F4D762195A2954AB47D5108BD3136BF,A42735C1582207F0A7BF28661D976581
SRR13202653,2020-12-07 16:28:17,2020-12-05 18:05:14,9610821,624703365,0,65,270,,https://sra-downloadb.be-md.ncbi.nlm.nih.gov/sos3/sra-pub-run-19/SRR13202653/SRR13202653.1,SRX9635918,,RNA-Seq,cDNA,TRANSCRIPTOMIC,SINGLE,0,0,ILLUMINA,Illumina HiSeq 2000,SRP296472,PRJNA682757,,682757,SRS7835908,SAMN17006959,simple,9606,Homo sapiens,GSM4958141,,,,,,,no,,,,,GEO,SRA1167458,,public,21532244C35635FB5CF71F5511D1FC85,9718F028174FE55828E6827344E40CCC
SRR13202654,2020-12-07 16:28:17,2020-12-05 18:04:52,9564690,621704850,0,65,267,,https://sra-downloadb.be-md.ncbi.nlm.nih.gov/sos3/sra-pub-run-20/SRR13202654/SRR13202654.1,SRX9635918,,RNA-Seq,cDNA,TRANSCRIPTOMIC,SINGLE,0,0,ILLUMINA,Illumina HiSeq 2000,SRP296472,PRJNA682757,,682757,SRS7835908,SAMN17006959,simple,9606,Homo sapiens,GSM4958141,,,,,,,no,,,,,GEO,SRA1167458,,public,0D2806DE8A73634166B6D381B8DD2BF1,BDE29F7D8F35978B1F46DB2C6F74B42D
SRR13202655,2020-12-07 16:28:17,2020-12-05 18:04:54,9755505,634107825,0,65,267,,https://sra-downloadb.be-md.ncbi.nlm.nih.gov/sos3/sra-pub-run-20/SRR13202655/SRR13202655.1,SRX9635918,,RNA-Seq,cDNA,TRANSCRIPTOMIC,SINGLE,0,0,ILLUMINA,Illumina HiSeq 2000,SRP296472,PRJNA682757,,682757,SRS7835908,SAMN17006959,simple,9606,Homo sapiens,GSM4958141,,,,,,,no,,,,,GEO,SRA1167458,,public,672ADFDBDB7B7A04A44E011EF820A394,12D8FBAF02148528F83277DA8AC5229C
SRR13202656,2020-12-07 16:28:17,2020-12-05 18:04:55,9743996,633359740,0,65,263,,https://sra-downloadb.be-md.ncbi.nlm.nih.gov/sos3/sra-pub-run-21/SRR13202656/SRR13202656.1,SRX9635918,,RNA-Seq,cDNA,TRANSCRIPTOMIC,SINGLE,0,0,ILLUMINA,Illumina HiSeq 2000,SRP296472,PRJNA682757,,682757,SRS7835908,SAMN17006959,simple,9606,Homo sapiens,GSM4958141,,,,,,,no,,,,,GEO,SRA1167458,,public,2DAA9CA15593FF08EE0CBC5BB79EFBBA,05673C03D136A7A54D3BDCCE3D0353F4
SRR13202657,2020-12-07 16:28:17,2020-12-05 18:04:31,7900325,513521125,0,65,223,,https://sra-downloadb.be-md.ncbi.nlm.nih.gov/sos3/sra-pub-run-19/SRR13202657/SRR13202657.1,SRX9635919,,RNA-Seq,cDNA,TRANSCRIPTOMIC,SINGLE,0,0,ILLUMINA,Illumina HiSeq 2000,SRP296472,PRJNA682757,,682757,SRS7835909,SAMN17006958,simple,9606,Homo sapiens,GSM4958142,,,,,,,no,,,,,GEO,SRA1167458,,public,1E36A65207F8B2353D54BF9E5428405B,0CCAE73A383269DF50662DB9DF1B26D2
SRR13202658,2020-12-07 16:28:17,2020-12-05 18:04:38,7856382,510664830,0,65,219,,https://sra-downloadb.be-md.ncbi.nlm.nih.gov/sos3/sra-pub-run-20/SRR13202658/SRR13202658.1,SRX9635919,,RNA-Seq,cDNA,TRANSCRIPTOMIC,SINGLE,0,0,ILLUMINA,Illumina HiSeq 2000,SRP296472,PRJNA682757,,682757,SRS7835909,SAMN17006958,simple,9606,Homo sapiens,GSM4958142,,,,,,,no,,,,,GEO,SRA1167458,,public,AC43DCDA56C2456EDACB5EE5C01F3AEA,02EA5B130706F0C8CB1840A05893B9D2
SRR13202659,2020-12-07 16:28:17,2020-12-05 18:04:42,8006800,520442000,0,65,220,,https://sra-downloadb.be-md.ncbi.nlm.nih.gov/sos3/sra-pub-run-20/SRR13202659/SRR13202659.1,SRX9635919,,RNA-Seq,cDNA,TRANSCRIPTOMIC,SINGLE,0,0,ILLUMINA,Illumina HiSeq 2000,SRP296472,PRJNA682757,,682757,SRS7835909,SAMN17006958,simple,9606,Homo sapiens,GSM4958142,,,,,,,no,,,,,GEO,SRA1167458,,public,184FC0E31EB2D03D9719923930409D45,75C34E2EE6ED9D971DE41FB30148FF1F
SRR13202660,2020-12-07 16:28:17,2020-12-05 18:04:45,8005659,520367835,0,65,216,,https://sra-downloadb.be-md.ncbi.nlm.nih.gov/sos3/sra-pub-run-19/SRR13202660/SRR13202660.1,SRX9635919,,RNA-Seq,cDNA,TRANSCRIPTOMIC,SINGLE,0,0,ILLUMINA,Illumina HiSeq 2000,SRP296472,PRJNA682757,,682757,SRS7835909,SAMN17006958,simple,9606,Homo sapiens,GSM4958142,,,,,,,no,,,,,GEO,SRA1167458,,public,5EBE459663907FC57D6880810001286B,C4099C67A06720A01102E6FAEA303247
SRR13202661,2020-12-07 16:28:17,2020-12-05 18:04:14,6748543,438655295,0,65,191,,https://sra-downloadb.be-md.ncbi.nlm.nih.gov/sos3/sra-pub-run-21/SRR13202661/SRR13202661.1,SRX9635920,,RNA-Seq,cDNA,TRANSCRIPTOMIC,SINGLE,0,0,ILLUMINA,Illumina HiSeq 2000,SRP296472,PRJNA682757,,682757,SRS7835910,SAMN17006957,simple,9606,Homo sapiens,GSM4958143,,,,,,,no,,,,,GEO,SRA1167458,,public,3CE072769A6FEC14CDF57F4D5625E8CC,7913F9F6CCA3D4F6D6BD1305905C6EF2
SRR13202662,2020-12-07 16:28:17,2020-12-05 18:04:28,6716365,436563725,0,65,188,,https://sra-downloadb.be-md.ncbi.nlm.nih.gov/sos3/sra-pub-run-20/SRR13202662/SRR13202662.1,SRX9635920,,RNA-Seq,cDNA,TRANSCRIPTOMIC,SINGLE,0,0,ILLUMINA,Illumina HiSeq 2000,SRP296472,PRJNA682757,,682757,SRS7835910,SAMN17006957,simple,9606,Homo sapiens,GSM4958143,,,,,,,no,,,,,GEO,SRA1167458,,public,8241DDB2F271FABE1AFC28AD6EB9EDAC,6ADD11FF0C279666C55E48BFB69B0AB2
SRR13202663,2020-12-07 16:28:17,2020-12-05 18:04:22,6846379,445014635,0,65,189,,https://sra-downloadb.be-md.ncbi.nlm.nih.gov/sos3/sra-pub-run-21/SRR13202663/SRR13202663.1,SRX9635920,,RNA-Seq,cDNA,TRANSCRIPTOMIC,SINGLE,0,0,ILLUMINA,Illumina HiSeq 2000,SRP296472,PRJNA682757,,682757,SRS7835910,SAMN17006957,simple,9606,Homo sapiens,GSM4958143,,,,,,,no,,,,,GEO,SRA1167458,,public,43B776594D9246A9AAEB36A8666ACAC5,B82D35B8053653E7BB22BBAE5EAC434D
SRR13202664,2020-12-07 16:28:17,2020-12-05 18:04:39,6847781,445105765,0,65,186,,https://sra-downloadb.be-md.ncbi.nlm.nih.gov/sos3/sra-pub-run-19/SRR13202664/SRR13202664.1,SRX9635920,,RNA-Seq,cDNA,TRANSCRIPTOMIC,SINGLE,0,0,ILLUMINA,Illumina HiSeq 2000,SRP296472,PRJNA682757,,682757,SRS7835910,SAMN17006957,simple,9606,Homo sapiens,GSM4958143,,,,,,,no,,,,,GEO,SRA1167458,,public,C01A407740993AF8E24A5034BC2EA935,C81BC4BD48ABFF060092A833F9F4904B
SRR13202665,2020-12-07 16:28:17,2020-12-05 18:05:16,9798750,636918750,0,65,280,,https://sra-downloadb.be-md.ncbi.nlm.nih.gov/sos3/sra-pub-run-21/SRR13202665/SRR13202665.1,SRX9635921,,RNA-Seq,cDNA,TRANSCRIPTOMIC,SINGLE,0,0,ILLUMINA,Illumina HiSeq 2000,SRP296472,PRJNA682757,,682757,SRS7835911,SAMN17006956,simple,9606,Homo sapiens,GSM4958144,,,,,,,no,,,,,GEO,SRA1167458,,public,779CF29FC9837DE2D8F82B6A59397A46,B81C526401BF6B64008D73BE035870CE
SRR13202666,2020-12-07 16:28:17,2020-12-05 18:05:20,9753797,633996805,0,65,276,,https://sra-downloadb.be-md.ncbi.nlm.nih.gov/sos3/sra-pub-run-20/SRR13202666/SRR13202666.1,SRX9635921,,RNA-Seq,cDNA,TRANSCRIPTOMIC,SINGLE,0,0,ILLUMINA,Illumina HiSeq 2000,SRP296472,PRJNA682757,,682757,SRS7835911,SAMN17006956,simple,9606,Homo sapiens,GSM4958144,,,,,,,no,,,,,GEO,SRA1167458,,public,39E26A92E6181BDB55E2D931BBC0E0E8,FCDC1F00C002851E8AAB56CAFB902680
SRR13202667,2020-12-07 16:28:17,2020-12-05 18:05:20,9937963,645967595,0,65,275,,https://sra-downloadb.be-md.ncbi.nlm.nih.gov/sos3/sra-pub-run-19/SRR13202667/SRR13202667.1,SRX9635921,,RNA-Seq,cDNA,TRANSCRIPTOMIC,SINGLE,0,0,ILLUMINA,Illumina HiSeq 2000,SRP296472,PRJNA682757,,682757,SRS7835911,SAMN17006956,simple,9606,Homo sapiens,GSM4958144,,,,,,,no,,,,,GEO,SRA1167458,,public,ADD3B6FDDD62D9856E18AA6915742F54,436FF1B7CD6DA77EC37D7918BCAA0F65
SRR13202668,2020-12-07 16:28:17,2020-12-05 18:05:08,9937432,645933080,0,65,271,,https://sra-downloadb.be-md.ncbi.nlm.nih.gov/sos3/sra-pub-run-20/SRR13202668/SRR13202668.1,SRX9635921,,RNA-Seq,cDNA,TRANSCRIPTOMIC,SINGLE,0,0,ILLUMINA,Illumina HiSeq 2000,SRP296472,PRJNA682757,,682757,SRS7835911,SAMN17006956,simple,9606,Homo sapiens,GSM4958144,,,,,,,no,,,,,GEO,SRA1167458,,public,BF9E46F143B5943C97D3F6C7AEC98134,431B1B70D3BAFA78A20C5DE79B2AC01D
SRR13202669,2020-12-07 16:28:17,2020-12-05 18:04:52,8455895,549633175,0,65,239,,https://sra-downloadb.be-md.ncbi.nlm.nih.gov/sos3/sra-pub-run-21/SRR13202669/SRR13202669.1,SRX9635922,,RNA-Seq,cDNA,TRANSCRIPTOMIC,SINGLE,0,0,ILLUMINA,Illumina HiSeq 2000,SRP296472,PRJNA682757,,682757,SRS7835912,SAMN17006955,simple,9606,Homo sapiens,GSM4958145,,,,,,,no,,,,,GEO,SRA1167458,,public,02B77E8F24AA05CDBCBA65131C1EB9C5,8C6B4869BF3FD1FB92E569A03AF2A5CD
SRR13202670,2020-12-07 16:28:17,2020-12-05 18:04:54,8413729,546892385,0,65,236,,https://sra-downloadb.be-md.ncbi.nlm.nih.gov/sos3/sra-pub-run-21/SRR13202670/SRR13202670.1,SRX9635922,,RNA-Seq,cDNA,TRANSCRIPTOMIC,SINGLE,0,0,ILLUMINA,Illumina HiSeq 2000,SRP296472,PRJNA682757,,682757,SRS7835912,SAMN17006955,simple,9606,Homo sapiens,GSM4958145,,,,,,,no,,,,,GEO,SRA1167458,,public,7E5322611A9F939343F84A6D49D6B15C,6305E29DA98182184C4782E7BDCB6A00
SRR13202671,2020-12-07 16:28:17,2020-12-05 18:04:45,8573462,557275030,0,65,236,,https://sra-downloadb.be-md.ncbi.nlm.nih.gov/sos3/sra-pub-run-21/SRR13202671/SRR13202671.1,SRX9635922,,RNA-Seq,cDNA,TRANSCRIPTOMIC,SINGLE,0,0,ILLUMINA,Illumina HiSeq 2000,SRP296472,PRJNA682757,,682757,SRS7835912,SAMN17006955,simple,9606,Homo sapiens,GSM4958145,,,,,,,no,,,,,GEO,SRA1167458,,public,BA0B6AAAE0106E624D2D721E8522B332,1F15DF7625B3BEA40478F72496A04B8D
SRR13202672,2020-12-07 16:28:17,2020-12-05 18:04:55,8579428,557662820,0,65,234,,https://sra-downloadb.be-md.ncbi.nlm.nih.gov/sos3/sra-pub-run-19/SRR13202672/SRR13202672.1,SRX9635922,,RNA-Seq,cDNA,TRANSCRIPTOMIC,SINGLE,0,0,ILLUMINA,Illumina HiSeq 2000,SRP296472,PRJNA682757,,682757,SRS7835912,SAMN17006955,simple,9606,Homo sapiens,GSM4958145,,,,,,,no,,,,,GEO,SRA1167458,,public,A7EAF69C508CD7F0AB16045F745AE9A9,019D33C2C26730CCA743061534FBA540
SRR13202673,2020-12-07 16:28:17,2020-12-05 18:05:05,10021867,651421355,0,65,284,,https://sra-downloadb.be-md.ncbi.nlm.nih.gov/sos3/sra-pub-run-20/SRR13202673/SRR13202673.1,SRX9635923,,RNA-Seq,cDNA,TRANSCRIPTOMIC,SINGLE,0,0,ILLUMINA,Illumina HiSeq 2000,SRP296472,PRJNA682757,,682757,SRS7835913,SAMN17006954,simple,9606,Homo sapiens,GSM4958146,,,,,,,no,,,,,GEO,SRA1167458,,public,A49C085B4AFA982CF36E78216BEF7627,1DFAD964E1A7F3E97BB7E721CF4203BA
SRR13202674,2020-12-07 16:28:17,2020-12-05 18:04:52,9973253,648261445,0,65,279,,https://sra-downloadb.be-md.ncbi.nlm.nih.gov/sos3/sra-pub-run-19/SRR13202674/SRR13202674.1,SRX9635923,,RNA-Seq,cDNA,TRANSCRIPTOMIC,SINGLE,0,0,ILLUMINA,Illumina HiSeq 2000,SRP296472,PRJNA682757,,682757,SRS7835913,SAMN17006954,simple,9606,Homo sapiens,GSM4958146,,,,,,,no,,,,,GEO,SRA1167458,,public,57F456EC9CE346CAB3942E1BA903899C,2A08402B8D3DBC71DECE4D943B0614FF
SRR13202675,2020-12-07 16:28:17,2020-12-05 18:05:17,10163010,660595650,0,65,280,,https://sra-downloadb.be-md.ncbi.nlm.nih.gov/sos3/sra-pub-run-21/SRR13202675/SRR13202675.1,SRX9635923,,RNA-Seq,cDNA,TRANSCRIPTOMIC,SINGLE,0,0,ILLUMINA,Illumina HiSeq 2000,SRP296472,PRJNA682757,,682757,SRS7835913,SAMN17006954,simple,9606,Homo sapiens,GSM4958146,,,,,,,no,,,,,GEO,SRA1167458,,public,2E0A497A1A94D339A7970ADA046538B2,3523E35C005B75FA09DE7BE330E4FCF6
SRR13202676,2020-12-07 16:28:17,2020-12-05 18:05:22,10165744,660773360,0,65,275,,https://sra-downloadb.be-md.ncbi.nlm.nih.gov/sos3/sra-pub-run-21/SRR13202676/SRR13202676.1,SRX9635923,,RNA-Seq,cDNA,TRANSCRIPTOMIC,SINGLE,0,0,ILLUMINA,Illumina HiSeq 2000,SRP296472,PRJNA682757,,682757,SRS7835913,SAMN17006954,simple,9606,Homo sapiens,GSM4958146,,,,,,,no,,,,,GEO,SRA1167458,,public,18372C4DAD12C9F69EDC239456A755CD,9994AF88BD23ACE5384684E0B57D849A
SRR13202677,2020-12-07 16:28:17,2020-12-05 18:07:48,19236064,1154163840,0,60,497,,https://sra-downloadb.be-md.ncbi.nlm.nih.gov/sos3/sra-pub-run-20/SRR13202677/SRR13202677.1,SRX9635924,,RNA-Seq,cDNA,TRANSCRIPTOMIC,SINGLE,0,0,ILLUMINA,Illumina HiSeq 2000,SRP296472,PRJNA682757,,682757,SRS7835914,SAMN17006953,simple,9606,Homo sapiens,GSM4958147,,,,,,,no,,,,,GEO,SRA1167458,,public,2402881898747FD4C97AE5995D0FFA81,95B5894F9CB45B556006806960C569EC
SRR13202678,2020-12-07 16:28:17,2020-12-05 18:08:04,20084143,1004207150,0,50,446,,https://sra-downloadb.be-md.ncbi.nlm.nih.gov/sos3/sra-pub-run-19/SRR13202678/SRR13202678.1,SRX9635924,,RNA-Seq,cDNA,TRANSCRIPTOMIC,SINGLE,0,0,ILLUMINA,Illumina HiSeq 2000,SRP296472,PRJNA682757,,682757,SRS7835914,SAMN17006953,simple,9606,Homo sapiens,GSM4958147,,,,,,,no,,,,,GEO,SRA1167458,,public,8BA3112CAAAD61AF0CCBF11EE18F50F7,26CF52E0886239A69E1D33838693F986
SRR13202679,2020-12-07 16:28:17,2020-12-05 18:12:57,23903889,1434233340,0,60,612,,https://sra-downloadb.be-md.ncbi.nlm.nih.gov/sos3/sra-pub-run-19/SRR13202679/SRR13202679.1,SRX9635925,,RNA-Seq,cDNA,TRANSCRIPTOMIC,SINGLE,0,0,ILLUMINA,Illumina HiSeq 2000,SRP296472,PRJNA682757,,682757,SRS7835915,SAMN17006952,simple,9606,Homo sapiens,GSM4958148,,,,,,,no,,,,,GEO,SRA1167458,,public,77F59F9A9D6DD10515BDAE1491E94CD1,DCD641C96C008FCFE764A7CCEA031D01
SRR13202680,2020-12-07 16:28:17,2020-12-05 18:09:07,24981839,1249091950,0,50,554,,https://sra-downloadb.be-md.ncbi.nlm.nih.gov/sos3/sra-pub-run-21/SRR13202680/SRR13202680.1,SRX9635925,,RNA-Seq,cDNA,TRANSCRIPTOMIC,SINGLE,0,0,ILLUMINA,Illumina HiSeq 2000,SRP296472,PRJNA682757,,682757,SRS7835915,SAMN17006952,simple,9606,Homo sapiens,GSM4958148,,,,,,,no,,,,,GEO,SRA1167458,,public,3ED065F15E2C948AB4EBA09B6E5EFB3D,C1B495FF57793ECF82BE3C8D36C43B8D
SRR13202681,2020-12-07 16:28:17,2020-12-05 18:08:55,23441400,1406484000,0,60,601,,https://sra-downloadb.be-md.ncbi.nlm.nih.gov/sos3/sra-pub-run-19/SRR13202681/SRR13202681.1,SRX9635926,,RNA-Seq,cDNA,TRANSCRIPTOMIC,SINGLE,0,0,ILLUMINA,Illumina HiSeq 2000,SRP296472,PRJNA682757,,682757,SRS7835916,SAMN17006951,simple,9606,Homo sapiens,GSM4958149,,,,,,,no,,,,,GEO,SRA1167458,,public,451BE382EB3F4B1D3302D2BC79AB89BC,AF83FD3C3142B011ACA3788199DD98B5
SRR13202682,2020-12-07 16:28:17,2020-12-05 18:09:01,24355665,1217783250,0,50,542,,https://sra-downloadb.be-md.ncbi.nlm.nih.gov/sos3/sra-pub-run-20/SRR13202682/SRR13202682.1,SRX9635926,,RNA-Seq,cDNA,TRANSCRIPTOMIC,SINGLE,0,0,ILLUMINA,Illumina HiSeq 2000,SRP296472,PRJNA682757,,682757,SRS7835916,SAMN17006951,simple,9606,Homo sapiens,GSM4958149,,,,,,,no,,,,,GEO,SRA1167458,,public,22587869DCC8D0B0FC227B2C3CC3A74A,2A89F95E70627DFFC885FCD62AC89F34
SRR13202683,2020-12-07 16:28:17,2020-12-05 18:08:19,21676821,1300609260,0,60,556,,https://sra-downloadb.be-md.ncbi.nlm.nih.gov/sos3/sra-pub-run-20/SRR13202683/SRR13202683.1,SRX9635927,,RNA-Seq,cDNA,TRANSCRIPTOMIC,SINGLE,0,0,ILLUMINA,Illumina HiSeq 2000,SRP296472,PRJNA682757,,682757,SRS7835917,SAMN17006950,simple,9606,Homo sapiens,GSM4958150,,,,,,,no,,,,,GEO,SRA1167458,,public,83CB2292AC1721FC79B8B4362247530A,F8E381F3390A2322926C265AC4C77CB8
SRR13202684,2020-12-07 16:28:17,2020-12-05 18:08:19,22604462,1130223100,0,50,500,,https://sra-downloadb.be-md.ncbi.nlm.nih.gov/sos3/sra-pub-run-21/SRR13202684/SRR13202684.1,SRX9635927,,RNA-Seq,cDNA,TRANSCRIPTOMIC,SINGLE,0,0,ILLUMINA,Illumina HiSeq 2000,SRP296472,PRJNA682757,,682757,SRS7835917,SAMN17006950,simple,9606,Homo sapiens,GSM4958150,,,,,,,no,,,,,GEO,SRA1167458,,public,4AADA2E6971A74E39B18831DD9A0DC9B,446A51C0E29294AE80BE274658D373BF
SRR13202685,2020-12-07 16:28:17,2020-12-05 18:08:55,23522605,1411356300,0,60,603,,https://sra-downloadb.be-md.ncbi.nlm.nih.gov/sos3/sra-pub-run-21/SRR13202685/SRR13202685.1,SRX9635928,,RNA-Seq,cDNA,TRANSCRIPTOMIC,SINGLE,0,0,ILLUMINA,Illumina HiSeq 2000,SRP296472,PRJNA682757,,682757,SRS7835918,SAMN17006949,simple,9606,Homo sapiens,GSM4958151,,,,,,,no,,,,,GEO,SRA1167458,,public,4E58DB1988F6A7D680E42CDEC1052478,D170387F43C0F5627B568CFA054D7D72
SRR13202686,2020-12-07 16:28:17,2020-12-05 18:08:52,24554298,1227714900,0,50,545,,https://sra-downloadb.be-md.ncbi.nlm.nih.gov/sos3/sra-pub-run-20/SRR13202686/SRR13202686.1,SRX9635928,,RNA-Seq,cDNA,TRANSCRIPTOMIC,SINGLE,0,0,ILLUMINA,Illumina HiSeq 2000,SRP296472,PRJNA682757,,682757,SRS7835918,SAMN17006949,simple,9606,Homo sapiens,GSM4958151,,,,,,,no,,,,,GEO,SRA1167458,,public,130992D15E4596A95D629CE8D1274095,446453A9FC74E759F1642BB958D94F16
SRR13202687,2020-12-07 16:28:17,2020-12-05 18:10:08,26943672,1616620320,0,60,689,,https://sra-downloadb.be-md.ncbi.nlm.nih.gov/sos3/sra-pub-run-19/SRR13202687/SRR13202687.1,SRX9635929,,RNA-Seq,cDNA,TRANSCRIPTOMIC,SINGLE,0,0,ILLUMINA,Illumina HiSeq 2000,SRP296472,PRJNA682757,,682757,SRS7835919,SAMN17006981,simple,9606,Homo sapiens,GSM4958152,,,,,,,no,,,,,GEO,SRA1167458,,public,5EE8A1BF3BD47EE6D425FED65750DDF9,2EAE8B4AC54E8A179A6F3E2267B5E0B5
SRR13202688,2020-12-07 16:28:17,2020-12-05 18:09:06,23644083,1182204150,0,50,523,,https://sra-downloadb.be-md.ncbi.nlm.nih.gov/sos3/sra-pub-run-20/SRR13202688/SRR13202688.1,SRX9635929,,RNA-Seq,cDNA,TRANSCRIPTOMIC,SINGLE,0,0,ILLUMINA,Illumina HiSeq 2000,SRP296472,PRJNA682757,,682757,SRS7835919,SAMN17006981,simple,9606,Homo sapiens,GSM4958152,,,,,,,no,,,,,GEO,SRA1167458,,public,324ED6330FEEB4B8C334590FF3907988,A093D6EC8309C2C157DA185F0542C82F
SRR13202689,2020-12-07 16:28:17,2020-12-05 18:07:44,19644016,1178640960,0,60,511,,https://sra-downloadb.be-md.ncbi.nlm.nih.gov/sos3/sra-pub-run-21/SRR13202689/SRR13202689.1,SRX9635930,,OTHER,other,TRANSCRIPTOMIC,SINGLE,0,0,ILLUMINA,Illumina HiSeq 2000,SRP296472,PRJNA682757,,682757,SRS7835920,SAMN17006980,simple,9606,Homo sapiens,GSM4958153,,,,,,,no,,,,,GEO,SRA1167458,,public,9E0EF3393CA5FE02610872C1A808D59A,1E7CEC2A845F0BAC24F9F16E17EE56AF
SRR13202690,2020-12-07 16:28:17,2020-12-05 18:07:23,20611904,1030595200,0,50,462,,https://sra-downloadb.be-md.ncbi.nlm.nih.gov/sos3/sra-pub-run-19/SRR13202690/SRR13202690.1,SRX9635930,,OTHER,other,TRANSCRIPTOMIC,SINGLE,0,0,ILLUMINA,Illumina HiSeq 2000,SRP296472,PRJNA682757,,682757,SRS7835920,SAMN17006980,simple,9606,Homo sapiens,GSM4958153,,,,,,,no,,,,,GEO,SRA1167458,,public,673C21CC31284FDB1FCA88F233D76F29,6B8B21BC33A7C7CF90A18F43DCE1F5EE
SRR13202691,2020-12-07 16:28:17,2020-12-05 18:07:37,18482520,1108951200,0,60,476,,https://sra-downloadb.be-md.ncbi.nlm.nih.gov/sos3/sra-pub-run-21/SRR13202691/SRR13202691.1,SRX9635931,,OTHER,other,TRANSCRIPTOMIC,SINGLE,0,0,ILLUMINA,Illumina HiSeq 2000,SRP296472,PRJNA682757,,682757,SRS7835921,SAMN17006979,simple,9606,Homo sapiens,GSM4958154,,,,,,,no,,,,,GEO,SRA1167458,,public,895C165EA9981A28B6564D9CCB5081A0,A2BF73718C8B5D8977455CE011609520
SRR13202692,2020-12-07 16:28:17,2020-12-05 18:07:42,19348297,967414850,0,50,431,,https://sra-downloadb.be-md.ncbi.nlm.nih.gov/sos3/sra-pub-run-20/SRR13202692/SRR13202692.1,SRX9635931,,OTHER,other,TRANSCRIPTOMIC,SINGLE,0,0,ILLUMINA,Illumina HiSeq 2000,SRP296472,PRJNA682757,,682757,SRS7835921,SAMN17006979,simple,9606,Homo sapiens,GSM4958154,,,,,,,no,,,,,GEO,SRA1167458,,public,B039BC998935059BC417035204DB4D49,B8B4424E04EC0246264CC93F6F10E24E
SRR13202693,2020-12-07 16:28:18,2020-12-05 18:07:42,19093165,1145589900,0,60,499,,https://sra-downloadb.be-md.ncbi.nlm.nih.gov/sos3/sra-pub-run-19/SRR13202693/SRR13202693.1,SRX9635932,,OTHER,other,TRANSCRIPTOMIC,SINGLE,0,0,ILLUMINA,Illumina HiSeq 2000,SRP296472,PRJNA682757,,682757,SRS7835922,SAMN17006978,simple,9606,Homo sapiens,GSM4958155,,,,,,,no,,,,,GEO,SRA1167458,,public,7398581AF6C9EA9911EFDC305F04E654,9D1D46C47E7F88B51E812174EFD0EE87
SRR13202694,2020-12-07 16:28:18,2020-12-05 18:07:23,19660504,983025200,0,50,442,,https://sra-downloadb.be-md.ncbi.nlm.nih.gov/sos3/sra-pub-run-20/SRR13202694/SRR13202694.1,SRX9635932,,OTHER,other,TRANSCRIPTOMIC,SINGLE,0,0,ILLUMINA,Illumina HiSeq 2000,SRP296472,PRJNA682757,,682757,SRS7835922,SAMN17006978,simple,9606,Homo sapiens,GSM4958155,,,,,,,no,,,,,GEO,SRA1167458,,public,AC71E5EAC927CFFBECE8407C6CD152DB,D8835C393D2F411FE46025AF7785AD8F
SRR13202695,2020-12-07 16:28:18,2020-12-05 18:09:32,23840000,1430400000,0,60,632,,https://sra-downloadb.be-md.ncbi.nlm.nih.gov/sos3/sra-pub-run-21/SRR13202695/SRR13202695.1,SRX9635933,,OTHER,other,TRANSCRIPTOMIC,SINGLE,0,0,ILLUMINA,Illumina HiSeq 2000,SRP296472,PRJNA682757,,682757,SRS7835923,SAMN17006977,simple,9606,Homo sapiens,GSM4958156,,,,,,,no,,,,,GEO,SRA1167458,,public,6CE0010FC0ED7E019E470C4CC53B39AF,5EFE9FA4A0E2642B932FBCAC92A8B440
SRR13202696,2020-12-07 16:28:18,2020-12-05 18:09:02,24929979,1246498950,0,50,565,,https://sra-downloadb.be-md.ncbi.nlm.nih.gov/sos3/sra-pub-run-19/SRR13202696/SRR13202696.1,SRX9635933,,OTHER,other,TRANSCRIPTOMIC,SINGLE,0,0,ILLUMINA,Illumina HiSeq 2000,SRP296472,PRJNA682757,,682757,SRS7835923,SAMN17006977,simple,9606,Homo sapiens,GSM4958156,,,,,,,no,,,,,GEO,SRA1167458,,public,1B0A41AC24423DD6DC285F7C73E64AF6,27956D6C8B56F728B4896BAE2264A315
SRR13202697,2020-12-07 16:28:18,2020-12-05 18:09:09,24736979,1484218740,0,60,650,,https://sra-downloadb.be-md.ncbi.nlm.nih.gov/sos3/sra-pub-run-19/SRR13202697/SRR13202697.1,SRX9635934,,OTHER,other,TRANSCRIPTOMIC,SINGLE,0,0,ILLUMINA,Illumina HiSeq 2000,SRP296472,PRJNA682757,,682757,SRS7835924,SAMN17006976,simple,9606,Homo sapiens,GSM4958157,,,,,,,no,,,,,GEO,SRA1167458,,public,2338B347027C379EA7C3A6A57617989F,83DE89179A0F423C9587CBC0C0F66F19
SRR13202698,2020-12-07 16:28:18,2020-12-05 18:10:36,25975762,1298788100,0,50,585,,https://sra-downloadb.be-md.ncbi.nlm.nih.gov/sos3/sra-pub-run-19/SRR13202698/SRR13202698.1,SRX9635934,,OTHER,other,TRANSCRIPTOMIC,SINGLE,0,0,ILLUMINA,Illumina HiSeq 2000,SRP296472,PRJNA682757,,682757,SRS7835924,SAMN17006976,simple,9606,Homo sapiens,GSM4958157,,,,,,,no,,,,,GEO,SRA1167458,,public,E2CB9D8DD0E1B24EC3AB42E111C39697,424286201E454F375BDF0D5360834E34
SRR13202699,2020-12-07 16:28:18,2020-12-05 18:08:30,21817230,1309033800,0,60,566,,https://sra-downloadb.be-md.ncbi.nlm.nih.gov/sos3/sra-pub-run-19/SRR13202699/SRR13202699.1,SRX9635935,,OTHER,other,TRANSCRIPTOMIC,SINGLE,0,0,ILLUMINA,Illumina HiSeq 2000,SRP296472,PRJNA682757,,682757,SRS7835925,SAMN17006975,simple,9606,Homo sapiens,GSM4958158,,,,,,,no,,,,,GEO,SRA1167458,,public,036DA6A64688B1CE333A744253C3F337,DF8147FD1FF70E93B73AE03F5498EDC2
SRR13202700,2020-12-07 16:28:18,2020-12-05 18:08:39,22865687,1143284350,0,50,511,,https://sra-downloadb.be-md.ncbi.nlm.nih.gov/sos3/sra-pub-run-21/SRR13202700/SRR13202700.1,SRX9635935,,OTHER,other,TRANSCRIPTOMIC,SINGLE,0,0,ILLUMINA,Illumina HiSeq 2000,SRP296472,PRJNA682757,,682757,SRS7835925,SAMN17006975,simple,9606,Homo sapiens,GSM4958158,,,,,,,no,,,,,GEO,SRA1167458,,public,16A5403646CEAB024036055FDF64E3CA,D6E6571E3BA401388A39751C0F7E8575
SRR13202701,2020-12-07 16:28:18,2020-12-05 18:05:09,9304737,604807905,0,65,263,,https://sra-downloadb.be-md.ncbi.nlm.nih.gov/sos3/sra-pub-run-19/SRR13202701/SRR13202701.1,SRX9635936,,RNA-Seq,cDNA,TRANSCRIPTOMIC,SINGLE,0,0,ILLUMINA,Illumina HiSeq 2000,SRP296472,PRJNA682757,,682757,SRS7835926,SAMN17006974,simple,9606,Homo sapiens,GSM4958159,,,,,,,no,,,,,GEO,SRA1167458,,public,5D177485D328A0BA4D8C9352502495DE,F65640ABDFA16328D318F9E610544C81
SRR13202702,2020-12-07 16:28:18,2020-12-05 18:05:17,9252743,601428295,0,65,259,,https://sra-downloadb.be-md.ncbi.nlm.nih.gov/sos3/sra-pub-run-19/SRR13202702/SRR13202702.1,SRX9635936,,RNA-Seq,cDNA,TRANSCRIPTOMIC,SINGLE,0,0,ILLUMINA,Illumina HiSeq 2000,SRP296472,PRJNA682757,,682757,SRS7835926,SAMN17006974,simple,9606,Homo sapiens,GSM4958159,,,,,,,no,,,,,GEO,SRA1167458,,public,492203385F42C934F6B614F02570FDDA,4029ADF81CB68953E2CDFE3DA53DE184
SRR13202703,2020-12-07 16:28:18,2020-12-05 18:04:52,9434575,613247375,0,65,259,,https://sra-downloadb.be-md.ncbi.nlm.nih.gov/sos3/sra-pub-run-19/SRR13202703/SRR13202703.1,SRX9635936,,RNA-Seq,cDNA,TRANSCRIPTOMIC,SINGLE,0,0,ILLUMINA,Illumina HiSeq 2000,SRP296472,PRJNA682757,,682757,SRS7835926,SAMN17006974,simple,9606,Homo sapiens,GSM4958159,,,,,,,no,,,,,GEO,SRA1167458,,public,5958B8510FFCEB1EE8D34EF86CCE3E88,DE03FB49F5A9349024F7AEF5853707BE
SRR13202704,2020-12-07 16:28:18,2020-12-05 18:05:32,9423238,612510470,0,65,255,,https://sra-downloadb.be-md.ncbi.nlm.nih.gov/sos3/sra-pub-run-20/SRR13202704/SRR13202704.1,SRX9635936,,RNA-Seq,cDNA,TRANSCRIPTOMIC,SINGLE,0,0,ILLUMINA,Illumina HiSeq 2000,SRP296472,PRJNA682757,,682757,SRS7835926,SAMN17006974,simple,9606,Homo sapiens,GSM4958159,,,,,,,no,,,,,GEO,SRA1167458,,public,32C5E6ADF2C65A3AEC091F4E83FB7C8D,E3311C7A6EDE12575EC390FD31804B16
SRR13202705,2020-12-07 16:28:18,2020-12-05 18:05:04,8871086,576620590,0,65,252,,https://sra-downloadb.be-md.ncbi.nlm.nih.gov/sos3/sra-pub-run-21/SRR13202705/SRR13202705.1,SRX9635937,,RNA-Seq,cDNA,TRANSCRIPTOMIC,SINGLE,0,0,ILLUMINA,Illumina HiSeq 2000,SRP296472,PRJNA682757,,682757,SRS7835927,SAMN17006973,simple,9606,Homo sapiens,GSM4958160,,,,,,,no,,,,,GEO,SRA1167458,,public,A781792F34A89F8E0378978732E209FB,68ED9F27B83D9CF092AE33E890EA9605
SRR13202706,2020-12-07 16:28:18,2020-12-05 18:05:07,8834090,574215850,0,65,248,,https://sra-downloadb.be-md.ncbi.nlm.nih.gov/sos3/sra-pub-run-21/SRR13202706/SRR13202706.1,SRX9635937,,RNA-Seq,cDNA,TRANSCRIPTOMIC,SINGLE,0,0,ILLUMINA,Illumina HiSeq 2000,SRP296472,PRJNA682757,,682757,SRS7835927,SAMN17006973,simple,9606,Homo sapiens,GSM4958160,,,,,,,no,,,,,GEO,SRA1167458,,public,C175F79C90CD623862ACBD5C05D839B8,0C6EE2613DCB1DCE9754A4CD2867F752
SRR13202707,2020-12-07 16:28:18,2020-12-05 18:05:16,8991133,584423645,0,65,250,,https://sra-downloadb.be-md.ncbi.nlm.nih.gov/sos3/sra-pub-run-20/SRR13202707/SRR13202707.1,SRX9635937,,RNA-Seq,cDNA,TRANSCRIPTOMIC,SINGLE,0,0,ILLUMINA,Illumina HiSeq 2000,SRP296472,PRJNA682757,,682757,SRS7835927,SAMN17006973,simple,9606,Homo sapiens,GSM4958160,,,,,,,no,,,,,GEO,SRA1167458,,public,D732CDE40E3FF02DBCF5FF72E2B3DC4F,1B5AA14EBAE79182B1F492FCA9810905
SRR13202708,2020-12-07 16:28:18,2020-12-05 18:05:10,8994881,584667265,0,65,246,,https://sra-downloadb.be-md.ncbi.nlm.nih.gov/sos3/sra-pub-run-19/SRR13202708/SRR13202708.1,SRX9635937,,RNA-Seq,cDNA,TRANSCRIPTOMIC,SINGLE,0,0,ILLUMINA,Illumina HiSeq 2000,SRP296472,PRJNA682757,,682757,SRS7835927,SAMN17006973,simple,9606,Homo sapiens,GSM4958160,,,,,,,no,,,,,GEO,SRA1167458,,public,AACCF442D29FE610DCD35974C2FE3F8A,D4EE32E811A234DA242A5E73438EF68A
SRR13202709,2020-12-07 16:28:18,2020-12-05 18:05:16,9425896,612683240,0,65,270,,https://sra-downloadb.be-md.ncbi.nlm.nih.gov/sos3/sra-pub-run-19/SRR13202709/SRR13202709.1,SRX9635938,,RNA-Seq,cDNA,TRANSCRIPTOMIC,SINGLE,0,0,ILLUMINA,Illumina HiSeq 2000,SRP296472,PRJNA682757,,682757,SRS7835928,SAMN17006972,simple,9606,Homo sapiens,GSM4958161,,,,,,,no,,,,,GEO,SRA1167458,,public,EF8B1EB15A50588E6DB688AD68E30321,56471EA86C2B9CE5C4B6B00E5E374F3B
SRR13202710,2020-12-07 16:28:18,2020-12-05 18:05:16,9371103,609121695,0,65,265,,https://sra-downloadb.be-md.ncbi.nlm.nih.gov/sos3/sra-pub-run-20/SRR13202710/SRR13202710.1,SRX9635938,,RNA-Seq,cDNA,TRANSCRIPTOMIC,SINGLE,0,0,ILLUMINA,Illumina HiSeq 2000,SRP296472,PRJNA682757,,682757,SRS7835928,SAMN17006972,simple,9606,Homo sapiens,GSM4958161,,,,,,,no,,,,,GEO,SRA1167458,,public,16142E6AE364114FD9C0E7CCA69C75EE,EBCBFE14F563D506367990918068B32C
SRR13202711,2020-12-07 16:28:18,2020-12-05 18:05:20,9552267,620897355,0,65,266,,https://sra-downloadb.be-md.ncbi.nlm.nih.gov/sos3/sra-pub-run-21/SRR13202711/SRR13202711.1,SRX9635938,,RNA-Seq,cDNA,TRANSCRIPTOMIC,SINGLE,0,0,ILLUMINA,Illumina HiSeq 2000,SRP296472,PRJNA682757,,682757,SRS7835928,SAMN17006972,simple,9606,Homo sapiens,GSM4958161,,,,,,,no,,,,,GEO,SRA1167458,,public,53BCF70E8AC7EC4A1C25EED50B9B1CC1,9883B01B98F334AC21B265AAFEC6A4E5
SRR13202712,2020-12-07 16:28:18,2020-12-05 18:05:20,9553748,620993620,0,65,262,,https://sra-downloadb.be-md.ncbi.nlm.nih.gov/sos3/sra-pub-run-19/SRR13202712/SRR13202712.1,SRX9635938,,RNA-Seq,cDNA,TRANSCRIPTOMIC,SINGLE,0,0,ILLUMINA,Illumina HiSeq 2000,SRP296472,PRJNA682757,,682757,SRS7835928,SAMN17006972,simple,9606,Homo sapiens,GSM4958161,,,,,,,no,,,,,GEO,SRA1167458,,public,AA80C0E481E766A37BE9D98594CFDD06,D86CC17BA6A582EABF4A85BE535764CF
SRR13202713,2020-12-07 16:28:18,2020-12-05 18:05:29,9685890,629582850,0,65,274,,https://sra-downloadb.be-md.ncbi.nlm.nih.gov/sos3/sra-pub-run-20/SRR13202713/SRR13202713.1,SRX9635939,,RNA-Seq,cDNA,TRANSCRIPTOMIC,SINGLE,0,0,ILLUMINA,Illumina HiSeq 2000,SRP296472,PRJNA682757,,682757,SRS7835929,SAMN17006971,simple,9606,Homo sapiens,GSM4958162,,,,,,,no,,,,,GEO,SRA1167458,,public,C248A6CFB4CA8DB6A1FA69419B86671E,BE4EFBB90B337B2A3FEBBE0F17718DE2
SRR13202714,2020-12-07 16:28:18,2020-12-05 18:05:20,9637180,626416700,0,65,270,,https://sra-downloadb.be-md.ncbi.nlm.nih.gov/sos3/sra-pub-run-20/SRR13202714/SRR13202714.1,SRX9635939,,RNA-Seq,cDNA,TRANSCRIPTOMIC,SINGLE,0,0,ILLUMINA,Illumina HiSeq 2000,SRP296472,PRJNA682757,,682757,SRS7835929,SAMN17006971,simple,9606,Homo sapiens,GSM4958162,,,,,,,no,,,,,GEO,SRA1167458,,public,E14FBEDA4B6B579559507D28D0C22495,FE9E5A7F89F6B4477303F74499171ABA
SRR13202715,2020-12-07 16:28:18,2020-12-05 18:05:08,9817747,638153555,0,65,270,,https://sra-downloadb.be-md.ncbi.nlm.nih.gov/sos3/sra-pub-run-21/SRR13202715/SRR13202715.1,SRX9635939,,RNA-Seq,cDNA,TRANSCRIPTOMIC,SINGLE,0,0,ILLUMINA,Illumina HiSeq 2000,SRP296472,PRJNA682757,,682757,SRS7835929,SAMN17006971,simple,9606,Homo sapiens,GSM4958162,,,,,,,no,,,,,GEO,SRA1167458,,public,51FE63CB8E09C29C89C2F452F620037C,B91B7EC1AF9B92948DC076521691A7B1
SRR13202716,2020-12-07 16:28:18,2020-12-05 18:05:20,9822560,638466400,0,65,267,,https://sra-downloadb.be-md.ncbi.nlm.nih.gov/sos3/sra-pub-run-19/SRR13202716/SRR13202716.1,SRX9635939,,RNA-Seq,cDNA,TRANSCRIPTOMIC,SINGLE,0,0,ILLUMINA,Illumina HiSeq 2000,SRP296472,PRJNA682757,,682757,SRS7835929,SAMN17006971,simple,9606,Homo sapiens,GSM4958162,,,,,,,no,,,,,GEO,SRA1167458,,public,061ABD90585694F7259A68EC6C8C30BF,5E88D917FDE9FC990ABC935FBFBF2FCC
SRR13202717,2020-12-07 16:28:18,2020-12-05 18:05:16,8734829,567763885,0,65,247,,https://sra-downloadb.be-md.ncbi.nlm.nih.gov/sos3/sra-pub-run-21/SRR13202717/SRR13202717.1,SRX9635940,,RNA-Seq,cDNA,TRANSCRIPTOMIC,SINGLE,0,0,ILLUMINA,Illumina HiSeq 2000,SRP296472,PRJNA682757,,682757,SRS7835930,SAMN17006970,simple,9606,Homo sapiens,GSM4958163,,,,,,,no,,,,,GEO,SRA1167458,,public,E825D41D2F4E12B772A7F62F22D062EC,6560E8B66F0103F3B5EE4C1FBC1C4804
SRR13202718,2020-12-07 16:28:18,2020-12-05 18:05:15,8686681,564634265,0,65,243,,https://sra-downloadb.be-md.ncbi.nlm.nih.gov/sos3/sra-pub-run-20/SRR13202718/SRR13202718.1,SRX9635940,,RNA-Seq,cDNA,TRANSCRIPTOMIC,SINGLE,0,0,ILLUMINA,Illumina HiSeq 2000,SRP296472,PRJNA682757,,682757,SRS7835930,SAMN17006970,simple,9606,Homo sapiens,GSM4958163,,,,,,,no,,,,,GEO,SRA1167458,,public,BB4DF2CF349D61B9BFF797CDB190874C,6ED3826FD16B90BBFA71C61201E19CDB
SRR13202719,2020-12-07 16:28:18,2020-12-05 18:05:13,8846168,575000920,0,65,243,,https://sra-downloadb.be-md.ncbi.nlm.nih.gov/sos3/sra-pub-run-21/SRR13202719/SRR13202719.1,SRX9635940,,RNA-Seq,cDNA,TRANSCRIPTOMIC,SINGLE,0,0,ILLUMINA,Illumina HiSeq 2000,SRP296472,PRJNA682757,,682757,SRS7835930,SAMN17006970,simple,9606,Homo sapiens,GSM4958163,,,,,,,no,,,,,GEO,SRA1167458,,public,AE5AC7285B254581A1DC59C9803590B7,DDAEA193E442AFCC2F3C0B71871D34FE
SRR13202720,2020-12-07 16:28:18,2020-12-05 18:05:20,8855176,575586440,0,65,239,,https://sra-downloadb.be-md.ncbi.nlm.nih.gov/sos3/sra-pub-run-21/SRR13202720/SRR13202720.1,SRX9635940,,RNA-Seq,cDNA,TRANSCRIPTOMIC,SINGLE,0,0,ILLUMINA,Illumina HiSeq 2000,SRP296472,PRJNA682757,,682757,SRS7835930,SAMN17006970,simple,9606,Homo sapiens,GSM4958163,,,,,,,no,,,,,GEO,SRA1167458,,public,CD9BC9CEDF09B061E489CA9E76336A7A,1FB03B8B4B4B56CF254CA956C5B5FEBF
SRR13202721,2020-12-07 16:28:18,2020-12-05 18:05:00,8357872,543261680,0,65,235,,https://sra-downloadb.be-md.ncbi.nlm.nih.gov/sos3/sra-pub-run-20/SRR13202721/SRR13202721.1,SRX9635941,,RNA-Seq,cDNA,TRANSCRIPTOMIC,SINGLE,0,0,ILLUMINA,Illumina HiSeq 2000,SRP296472,PRJNA682757,,682757,SRS7835931,SAMN17007024,simple,9606,Homo sapiens,GSM4958164,,,,,,,no,,,,,GEO,SRA1167458,,public,A40B2D1A5F14E636C0E4E18480498A0F,557AD96497468CF1C6D40F7689EB4629
SRR13202722,2020-12-07 16:28:18,2020-12-05 18:05:18,8314870,540466550,0,65,232,,https://sra-downloadb.be-md.ncbi.nlm.nih.gov/sos3/sra-pub-run-20/SRR13202722/SRR13202722.1,SRX9635941,,RNA-Seq,cDNA,TRANSCRIPTOMIC,SINGLE,0,0,ILLUMINA,Illumina HiSeq 2000,SRP296472,PRJNA682757,,682757,SRS7835931,SAMN17007024,simple,9606,Homo sapiens,GSM4958164,,,,,,,no,,,,,GEO,SRA1167458,,public,C6ACD8F140728A6115B005C82EC79F76,E76593188D028C64D31A2ECAFE69EA81
SRR13202723,2020-12-07 16:28:18,2020-12-05 18:05:02,8467237,550370405,0,65,232,,https://sra-downloadb.be-md.ncbi.nlm.nih.gov/sos3/sra-pub-run-19/SRR13202723/SRR13202723.1,SRX9635941,,RNA-Seq,cDNA,TRANSCRIPTOMIC,SINGLE,0,0,ILLUMINA,Illumina HiSeq 2000,SRP296472,PRJNA682757,,682757,SRS7835931,SAMN17007024,simple,9606,Homo sapiens,GSM4958164,,,,,,,no,,,,,GEO,SRA1167458,,public,769C29F865C10DFB171EB6D65DFC499A,09365F0A3EA5DB3B3D09A2D0F8D1177E
SRR13202724,2020-12-07 16:28:18,2020-12-05 18:04:57,8479587,551173155,0,65,230,,https://sra-downloadb.be-md.ncbi.nlm.nih.gov/sos3/sra-pub-run-21/SRR13202724/SRR13202724.1,SRX9635941,,RNA-Seq,cDNA,TRANSCRIPTOMIC,SINGLE,0,0,ILLUMINA,Illumina HiSeq 2000,SRP296472,PRJNA682757,,682757,SRS7835931,SAMN17007024,simple,9606,Homo sapiens,GSM4958164,,,,,,,no,,,,,GEO,SRA1167458,,public,E6450B10FE42B41A8C9FCFA7B4C62C28,C0B6EE6229A481360D0277448AB4D274
SRR13202725,2020-12-07 16:28:18,2020-12-05 18:05:10,8871570,576652050,0,65,256,,https://sra-downloadb.be-md.ncbi.nlm.nih.gov/sos3/sra-pub-run-20/SRR13202725/SRR13202725.1,SRX9635942,,OTHER,other,TRANSCRIPTOMIC,SINGLE,0,0,ILLUMINA,Illumina HiSeq 2000,SRP296472,PRJNA682757,,682757,SRS7835932,SAMN17007030,simple,9606,Homo sapiens,GSM4958165,,,,,,,no,,,,,GEO,SRA1167458,,public,746518636C43E4D7C5320C00BAA352CC,FB5E43D5805BF2308A6F49D981B2FD30
SRR13202726,2020-12-07 16:28:18,2020-12-05 18:05:23,8819678,573279070,0,65,252,,https://sra-downloadb.be-md.ncbi.nlm.nih.gov/sos3/sra-pub-run-20/SRR13202726/SRR13202726.1,SRX9635942,,OTHER,other,TRANSCRIPTOMIC,SINGLE,0,0,ILLUMINA,Illumina HiSeq 2000,SRP296472,PRJNA682757,,682757,SRS7835932,SAMN17007030,simple,9606,Homo sapiens,GSM4958165,,,,,,,no,,,,,GEO,SRA1167458,,public,C1FEC661C4B6843B53BE24ACD9F09041,7C86131B78DA5B453EC3150708D97234
SRR13202727,2020-12-07 16:28:18,2020-12-05 18:05:14,8991308,584435020,0,65,253,,https://sra-downloadb.be-md.ncbi.nlm.nih.gov/sos3/sra-pub-run-20/SRR13202727/SRR13202727.1,SRX9635942,,OTHER,other,TRANSCRIPTOMIC,SINGLE,0,0,ILLUMINA,Illumina HiSeq 2000,SRP296472,PRJNA682757,,682757,SRS7835932,SAMN17007030,simple,9606,Homo sapiens,GSM4958165,,,,,,,no,,,,,GEO,SRA1167458,,public,A8F55E7329922849F99CCB7369C8A97A,0D96BD837BD9A2F213119E3685AD4164
SRR13202728,2020-12-07 16:28:18,2020-12-05 18:05:29,8992581,584517765,0,65,248,,https://sra-downloadb.be-md.ncbi.nlm.nih.gov/sos3/sra-pub-run-19/SRR13202728/SRR13202728.1,SRX9635942,,OTHER,other,TRANSCRIPTOMIC,SINGLE,0,0,ILLUMINA,Illumina HiSeq 2000,SRP296472,PRJNA682757,,682757,SRS7835932,SAMN17007030,simple,9606,Homo sapiens,GSM4958165,,,,,,,no,,,,,GEO,SRA1167458,,public,9F777799641AA824220A1D0351599C6A,3AA2E6B25B151702495A6211E36A9BDE
SRR13202729,2020-12-07 16:28:18,2020-12-05 18:05:41,10490555,681886075,0,65,304,,https://sra-downloadb.be-md.ncbi.nlm.nih.gov/sos3/sra-pub-run-19/SRR13202729/SRR13202729.1,SRX9635943,,OTHER,other,TRANSCRIPTOMIC,SINGLE,0,0,ILLUMINA,Illumina HiSeq 2000,SRP296472,PRJNA682757,,682757,SRS7835933,SAMN17007029,simple,9606,Homo sapiens,GSM4958166,,,,,,,no,,,,,GEO,SRA1167458,,public,DFC66170BF2535BF88FEBDFF52EF90BB,8D943081376719226E727D144700534B
SRR13202730,2020-12-07 16:28:18,2020-12-05 18:05:11,10435878,678332070,0,65,300,,https://sra-downloadb.be-md.ncbi.nlm.nih.gov/sos3/sra-pub-run-21/SRR13202730/SRR13202730.1,SRX9635943,,OTHER,other,TRANSCRIPTOMIC,SINGLE,0,0,ILLUMINA,Illumina HiSeq 2000,SRP296472,PRJNA682757,,682757,SRS7835933,SAMN17007029,simple,9606,Homo sapiens,GSM4958166,,,,,,,no,,,,,GEO,SRA1167458,,public,88BE5E586AE4A0D005A22780C8DE7E59,1A4CC8B3259C5ABDA6D6783FF4BB1E3A
SRR13202731,2020-12-07 16:28:18,2020-12-05 18:05:34,10619414,690261910,0,65,302,,https://sra-downloadb.be-md.ncbi.nlm.nih.gov/sos3/sra-pub-run-19/SRR13202731/SRR13202731.1,SRX9635943,,OTHER,other,TRANSCRIPTOMIC,SINGLE,0,0,ILLUMINA,Illumina HiSeq 2000,SRP296472,PRJNA682757,,682757,SRS7835933,SAMN17007029,simple,9606,Homo sapiens,GSM4958166,,,,,,,no,,,,,GEO,SRA1167458,,public,ADBBF2EC69A8BAAB2CBEF802C34665C1,6773F0351E80A618063C74E08F53DC3F
SRR13202732,2020-12-07 16:28:18,2020-12-05 18:05:42,10624691,690604915,0,65,297,,https://sra-downloadb.be-md.ncbi.nlm.nih.gov/sos3/sra-pub-run-21/SRR13202732/SRR13202732.1,SRX9635943,,OTHER,other,TRANSCRIPTOMIC,SINGLE,0,0,ILLUMINA,Illumina HiSeq 2000,SRP296472,PRJNA682757,,682757,SRS7835933,SAMN17007029,simple,9606,Homo sapiens,GSM4958166,,,,,,,no,,,,,GEO,SRA1167458,,public,31982D3C8538882CED300CBA273565C1,6337DD4C5AF46D64FA01EFF0C8215C28
SRR13202733,2020-12-07 16:28:18,2020-12-05 18:05:32,10370727,674097255,0,65,300,,https://sra-downloadb.be-md.ncbi.nlm.nih.gov/sos3/sra-pub-run-20/SRR13202733/SRR13202733.1,SRX9635944,,OTHER,other,TRANSCRIPTOMIC,SINGLE,0,0,ILLUMINA,Illumina HiSeq 2000,SRP296472,PRJNA682757,,682757,SRS7835934,SAMN17007028,simple,9606,Homo sapiens,GSM4958167,,,,,,,no,,,,,GEO,SRA1167458,,public,DC044F4540EB479E61EE61382B212E50,CD99C7C3D8B2F5DDAC084F3EA21BC5D5
SRR13202734,2020-12-07 16:28:18,2020-12-05 18:05:58,10302779,669680635,0,65,295,,https://sra-downloadb.be-md.ncbi.nlm.nih.gov/sos3/sra-pub-run-20/SRR13202734/SRR13202734.1,SRX9635944,,OTHER,other,TRANSCRIPTOMIC,SINGLE,0,0,ILLUMINA,Illumina HiSeq 2000,SRP296472,PRJNA682757,,682757,SRS7835934,SAMN17007028,simple,9606,Homo sapiens,GSM4958167,,,,,,,no,,,,,GEO,SRA1167458,,public,84D6A01DE49C7ACBEF168BAE7E854A81,78B45C567E7F56C3791CAC6168536B04
SRR13202735,2020-12-07 16:28:18,2020-12-05 18:05:41,10503932,682755580,0,65,299,,https://sra-downloadb.be-md.ncbi.nlm.nih.gov/sos3/sra-pub-run-20/SRR13202735/SRR13202735.1,SRX9635944,,OTHER,other,TRANSCRIPTOMIC,SINGLE,0,0,ILLUMINA,Illumina HiSeq 2000,SRP296472,PRJNA682757,,682757,SRS7835934,SAMN17007028,simple,9606,Homo sapiens,GSM4958167,,,,,,,no,,,,,GEO,SRA1167458,,public,F91A7F57DF30EDA70510CADF208C6930,F5BB138BBE7234C6F878C23F65DEBE8D
SRR13202736,2020-12-07 16:28:18,2020-12-05 18:05:32,10512776,683330440,0,65,293,,https://sra-downloadb.be-md.ncbi.nlm.nih.gov/sos3/sra-pub-run-21/SRR13202736/SRR13202736.1,SRX9635944,,OTHER,other,TRANSCRIPTOMIC,SINGLE,0,0,ILLUMINA,Illumina HiSeq 2000,SRP296472,PRJNA682757,,682757,SRS7835934,SAMN17007028,simple,9606,Homo sapiens,GSM4958167,,,,,,,no,,,,,GEO,SRA1167458,,public,382533C97888FCEB4C4234C4E0D21A17,2EA8109DFAC0FD5D84951F2561CD2F49
SRR13202737,2020-12-07 16:28:18,2020-12-05 18:05:58,10877457,707034705,0,65,314,,https://sra-downloadb.be-md.ncbi.nlm.nih.gov/sos3/sra-pub-run-19/SRR13202737/SRR13202737.1,SRX9635945,,OTHER,other,TRANSCRIPTOMIC,SINGLE,0,0,ILLUMINA,Illumina HiSeq 2000,SRP296472,PRJNA682757,,682757,SRS7835935,SAMN17007027,simple,9606,Homo sapiens,GSM4958168,,,,,,,no,,,,,GEO,SRA1167458,,public,6367CD79917CA93071124A9BF6ADCEB4,7A5A30BAA91F63114756BA5738192C2D
SRR13202738,2020-12-07 16:28:18,2020-12-05 18:05:58,10817606,703144390,0,65,309,,https://sra-downloadb.be-md.ncbi.nlm.nih.gov/sos3/sra-pub-run-20/SRR13202738/SRR13202738.1,SRX9635945,,OTHER,other,TRANSCRIPTOMIC,SINGLE,0,0,ILLUMINA,Illumina HiSeq 2000,SRP296472,PRJNA682757,,682757,SRS7835935,SAMN17007027,simple,9606,Homo sapiens,GSM4958168,,,,,,,no,,,,,GEO,SRA1167458,,public,EA8F1723A6BA28B4F2DDA4A3A581F074,9B017A91472A1EA69A48B7A142A0CB66
SRR13202739,2020-12-07 16:28:18,2020-12-05 18:06:05,11021828,716418820,0,65,309,,https://sra-downloadb.be-md.ncbi.nlm.nih.gov/sos3/sra-pub-run-21/SRR13202739/SRR13202739.1,SRX9635945,,OTHER,other,TRANSCRIPTOMIC,SINGLE,0,0,ILLUMINA,Illumina HiSeq 2000,SRP296472,PRJNA682757,,682757,SRS7835935,SAMN17007027,simple,9606,Homo sapiens,GSM4958168,,,,,,,no,,,,,GEO,SRA1167458,,public,8109974C0AF066C0894CFA34F925818C,A809978975ABED733A945214E2906EA0
SRR13202740,2020-12-07 16:28:18,2020-12-05 18:05:58,11026970,716753050,0,65,304,,https://sra-downloadb.be-md.ncbi.nlm.nih.gov/sos3/sra-pub-run-19/SRR13202740/SRR13202740.1,SRX9635945,,OTHER,other,TRANSCRIPTOMIC,SINGLE,0,0,ILLUMINA,Illumina HiSeq 2000,SRP296472,PRJNA682757,,682757,SRS7835935,SAMN17007027,simple,9606,Homo sapiens,GSM4958168,,,,,,,no,,,,,GEO,SRA1167458,,public,61ECD65F81429AC4ECEA34B2EA677431,54B76470B004336C627E0060DC3FB664
SRR13202741,2020-12-07 16:28:18,2020-12-05 18:05:33,10144664,659403160,0,65,293,,https://sra-downloadb.be-md.ncbi.nlm.nih.gov/sos3/sra-pub-run-21/SRR13202741/SRR13202741.1,SRX9635946,,OTHER,other,TRANSCRIPTOMIC,SINGLE,0,0,ILLUMINA,Illumina HiSeq 2000,SRP296472,PRJNA682757,,682757,SRS7835936,SAMN17007026,simple,9606,Homo sapiens,GSM4958169,,,,,,,no,,,,,GEO,SRA1167458,,public,63579AF5A3D2E776984E99340231E284,B687D76325675940BC6424E344AA27BE
SRR13202742,2020-12-07 16:28:18,2020-12-05 18:05:32,10078493,655102045,0,65,288,,https://sra-downloadb.be-md.ncbi.nlm.nih.gov/sos3/sra-pub-run-20/SRR13202742/SRR13202742.1,SRX9635946,,OTHER,other,TRANSCRIPTOMIC,SINGLE,0,0,ILLUMINA,Illumina HiSeq 2000,SRP296472,PRJNA682757,,682757,SRS7835936,SAMN17007026,simple,9606,Homo sapiens,GSM4958169,,,,,,,no,,,,,GEO,SRA1167458,,public,88FB9FAB861FD20FCC0D563A661DE8AD,5A65B5757A5A8938FE06531C3B93265C
SRR13202743,2020-12-07 16:28:18,2020-12-05 18:05:32,10263316,667115540,0,65,290,,https://sra-downloadb.be-md.ncbi.nlm.nih.gov/sos3/sra-pub-run-21/SRR13202743/SRR13202743.1,SRX9635946,,OTHER,other,TRANSCRIPTOMIC,SINGLE,0,0,ILLUMINA,Illumina HiSeq 2000,SRP296472,PRJNA682757,,682757,SRS7835936,SAMN17007026,simple,9606,Homo sapiens,GSM4958169,,,,,,,no,,,,,GEO,SRA1167458,,public,3F095797FD88D44969BE55143275075E,34719119EDD57D8ECAADE80C5CCBBB8F
SRR13202744,2020-12-07 16:28:18,2020-12-05 18:06:24,10262668,667073420,0,65,284,,https://sra-downloadb.be-md.ncbi.nlm.nih.gov/sos3/sra-pub-run-21/SRR13202744/SRR13202744.1,SRX9635946,,OTHER,other,TRANSCRIPTOMIC,SINGLE,0,0,ILLUMINA,Illumina HiSeq 2000,SRP296472,PRJNA682757,,682757,SRS7835936,SAMN17007026,simple,9606,Homo sapiens,GSM4958169,,,,,,,no,,,,,GEO,SRA1167458,,public,E3F309F01D9B1AE7478F64FB8EA90F32,AD572087BBF790AE0253C84AF92796AD
SRR13202745,2020-12-07 16:28:18,2020-12-05 18:05:58,10882086,707335590,0,65,312,,https://sra-downloadb.be-md.ncbi.nlm.nih.gov/sos3/sra-pub-run-21/SRR13202745/SRR13202745.1,SRX9635947,,OTHER,other,TRANSCRIPTOMIC,SINGLE,0,0,ILLUMINA,Illumina HiSeq 2000,SRP296472,PRJNA682757,,682757,SRS7835937,SAMN17007025,simple,9606,Homo sapiens,GSM4958170,,,,,,,no,,,,,GEO,SRA1167458,,public,317B62FBA90FE51EC343F0A2A908C3BB,EF0F28128CB6BC87F6A2A5D7B1C5806D
SRR13202746,2020-12-07 16:28:18,2020-12-05 18:05:59,10820101,703306565,0,65,307,,https://sra-downloadb.be-md.ncbi.nlm.nih.gov/sos3/sra-pub-run-19/SRR13202746/SRR13202746.1,SRX9635947,,OTHER,other,TRANSCRIPTOMIC,SINGLE,0,0,ILLUMINA,Illumina HiSeq 2000,SRP296472,PRJNA682757,,682757,SRS7835937,SAMN17007025,simple,9606,Homo sapiens,GSM4958170,,,,,,,no,,,,,GEO,SRA1167458,,public,C7E26892B210ABA2AA10B447E47CACEB,ACF6034C1FFBB7051594139C37B4ABCF
SRR13202747,2020-12-07 16:28:18,2020-12-05 18:05:28,11022305,716449825,0,65,309,,https://sra-downloadb.be-md.ncbi.nlm.nih.gov/sos3/sra-pub-run-19/SRR13202747/SRR13202747.1,SRX9635947,,OTHER,other,TRANSCRIPTOMIC,SINGLE,0,0,ILLUMINA,Illumina HiSeq 2000,SRP296472,PRJNA682757,,682757,SRS7835937,SAMN17007025,simple,9606,Homo sapiens,GSM4958170,,,,,,,no,,,,,GEO,SRA1167458,,public,42F4EBAD67C3EE7DDCDE4E2CF126DF36,EF33FD13BB32E26FDA94CF5652AC585C
SRR13202748,2020-12-07 16:28:18,2020-12-05 18:06:27,11023994,716559610,0,65,303,,https://sra-downloadb.be-md.ncbi.nlm.nih.gov/sos3/sra-pub-run-20/SRR13202748/SRR13202748.1,SRX9635947,,OTHER,other,TRANSCRIPTOMIC,SINGLE,0,0,ILLUMINA,Illumina HiSeq 2000,SRP296472,PRJNA682757,,682757,SRS7835937,SAMN17007025,simple,9606,Homo sapiens,GSM4958170,,,,,,,no,,,,,GEO,SRA1167458,,public,B3B4438674BC66E63E3349EA93C4891D,5A637084EBE3D86EAC427EE71110FE91
SRR13202749,2020-12-07 16:28:18,2020-12-05 18:15:08,47841706,2392085300,0,50,1052,,https://sra-downloadb.be-md.ncbi.nlm.nih.gov/sos3/sra-pub-run-21/SRR13202749/SRR13202749.1,SRX9635948,,RNA-Seq,cDNA,TRANSCRIPTOMIC,SINGLE,0,0,ILLUMINA,Illumina HiSeq 2000,SRP296472,PRJNA682757,,682757,SRS7835938,SAMN17007023,simple,9606,Homo sapiens,GSM4958171,,,,,,,no,,,,,GEO,SRA1167458,,public,C2B2479E97455BC4B1699EA734FC8A96,EA0D5EB7FA256C909A4C4A21D0F02DEE
SRR13202750,2020-12-07 16:28:18,2020-12-05 18:14:22,43117656,2155882800,0,50,947,,https://sra-downloadb.be-md.ncbi.nlm.nih.gov/sos3/sra-pub-run-19/SRR13202750/SRR13202750.1,SRX9635949,,RNA-Seq,cDNA,TRANSCRIPTOMIC,SINGLE,0,0,ILLUMINA,Illumina HiSeq 2000,SRP296472,PRJNA682757,,682757,SRS7835939,SAMN17007022,simple,9606,Homo sapiens,GSM4958172,,,,,,,no,,,,,GEO,SRA1167458,,public,FBD8CD902FAB7CD6BB64A71FA8F37127,FC4940C9D2B89F1EEA98547F8FB5DB5E
SRR13202751,2020-12-07 16:28:18,2020-12-05 18:14:43,43177672,2158883600,0,50,951,,https://sra-downloadb.be-md.ncbi.nlm.nih.gov/sos3/sra-pub-run-21/SRR13202751/SRR13202751.1,SRX9635950,,RNA-Seq,cDNA,TRANSCRIPTOMIC,SINGLE,0,0,ILLUMINA,Illumina HiSeq 2000,SRP296472,PRJNA682757,,682757,SRS7835940,SAMN17007021,simple,9606,Homo sapiens,GSM4958173,,,,,,,no,,,,,GEO,SRA1167458,,public,DC6F0EC51A92FC2FC4DC8DD59527FA19,6BFCF7CD20F9F56769EC36EAF56FF2D1
SRR13202752,2020-12-07 16:28:18,2020-12-05 18:13:51,41943233,2097161650,0,50,921,,https://sra-downloadb.be-md.ncbi.nlm.nih.gov/sos3/sra-pub-run-19/SRR13202752/SRR13202752.1,SRX9635951,,RNA-Seq,cDNA,TRANSCRIPTOMIC,SINGLE,0,0,ILLUMINA,Illumina HiSeq 2000,SRP296472,PRJNA682757,,682757,SRS7835941,SAMN17007020,simple,9606,Homo sapiens,GSM4958174,,,,,,,no,,,,,GEO,SRA1167458,,public,EA3BDD4F5E1351D43B6C92034445A498,6ED202640364035CC077EE968C4D75E3
SRR13202753,2020-12-07 16:28:18,2020-12-05 18:14:41,43257570,2162878500,0,50,952,,https://sra-downloadb.be-md.ncbi.nlm.nih.gov/sos3/sra-pub-run-19/SRR13202753/SRR13202753.1,SRX9635952,,RNA-Seq,cDNA,TRANSCRIPTOMIC,SINGLE,0,0,ILLUMINA,Illumina HiSeq 2000,SRP296472,PRJNA682757,,682757,SRS7835942,SAMN17007019,simple,9606,Homo sapiens,GSM4958175,,,,,,,no,,,,,GEO,SRA1167458,,public,A61B3A2872948E5D054D133AC046D1BA,A819C7D7C5C9DDC2764BD52414A4EE0C
SRR13202754,2020-12-07 16:28:18,2020-12-05 18:15:40,44383200,2219160000,0,50,974,,https://sra-downloadb.be-md.ncbi.nlm.nih.gov/sos3/sra-pub-run-19/SRR13202754/SRR13202754.1,SRX9635953,,RNA-Seq,cDNA,TRANSCRIPTOMIC,SINGLE,0,0,ILLUMINA,Illumina HiSeq 2000,SRP296472,PRJNA682757,,682757,SRS7835943,SAMN17007018,simple,9606,Homo sapiens,GSM4958176,,,,,,,no,,,,,GEO,SRA1167458,,public,8145FCE286DD69C0C467598C4DCF36A5,A76675538369AA47E7CCCA8924FFBB0F
SRR13202575,2020-12-07 16:28:19,2020-12-05 18:13:01,42808186,2140409300,0,50,924,,https://sra-downloadb.be-md.ncbi.nlm.nih.gov/sos3/sra-pub-run-21/SRR13202575/SRR13202575.1,SRX9635954,,OTHER,other,TRANSCRIPTOMIC,SINGLE,0,0,ILLUMINA,Illumina HiSeq 2000,SRP296472,PRJNA682757,,682757,SRS7835944,SAMN17007017,simple,9606,Homo sapiens,GSM4958177,,,,,,,no,,,,,GEO,SRA1167458,,public,A9F073CCE7CC9EDDE9EF9DACCC00DEC8,146A8D679C82B21670C222E8C923369C
SRR13202576,2020-12-07 16:28:19,2020-12-05 18:10:34,40833922,2041696100,0,50,883,,https://sra-downloadb.be-md.ncbi.nlm.nih.gov/sos3/sra-pub-run-20/SRR13202576/SRR13202576.1,SRX9635955,,OTHER,other,TRANSCRIPTOMIC,SINGLE,0,0,ILLUMINA,Illumina HiSeq 2000,SRP296472,PRJNA682757,,682757,SRS7835945,SAMN17007016,simple,9606,Homo sapiens,GSM4958178,,,,,,,no,,,,,GEO,SRA1167458,,public,85F281B3EFD3248ED47DF999113C684D,89C7E6D6E371958D1909C9E45B771F66
SRR13202577,2020-12-07 16:28:19,2020-12-05 18:12:21,40255518,2012775900,0,50,877,,https://sra-downloadb.be-md.ncbi.nlm.nih.gov/sos3/sra-pub-run-21/SRR13202577/SRR13202577.1,SRX9635956,,OTHER,other,TRANSCRIPTOMIC,SINGLE,0,0,ILLUMINA,Illumina HiSeq 2000,SRP296472,PRJNA682757,,682757,SRS7835946,SAMN17007015,simple,9606,Homo sapiens,GSM4958179,,,,,,,no,,,,,GEO,SRA1167458,,public,3CF4F91F67001DC909AC72725BB1E39C,03CD235111B82B572ADC5EB342CFBD5F
SRR13202578,2020-12-07 16:28:19,2020-12-05 18:13:45,39382980,1969149000,0,50,863,,https://sra-downloadb.be-md.ncbi.nlm.nih.gov/sos3/sra-pub-run-20/SRR13202578/SRR13202578.1,SRX9635957,,OTHER,other,TRANSCRIPTOMIC,SINGLE,0,0,ILLUMINA,Illumina HiSeq 2000,SRP296472,PRJNA682757,,682757,SRS7835947,SAMN17007044,simple,9606,Homo sapiens,GSM4958180,,,,,,,no,,,,,GEO,SRA1167458,,public,F5C689EC4254339060D7BCCF57897CA7,016394F77B7B7B8D2731C00A97C37D89
SRR13202579,2020-12-07 16:28:19,2020-12-05 18:14:41,43182309,2159115450,0,50,943,,https://sra-downloadb.be-md.ncbi.nlm.nih.gov/sos3/sra-pub-run-20/SRR13202579/SRR13202579.1,SRX9635958,,OTHER,other,TRANSCRIPTOMIC,SINGLE,0,0,ILLUMINA,Illumina HiSeq 2000,SRP296472,PRJNA682757,,682757,SRS7835948,SAMN17007043,simple,9606,Homo sapiens,GSM4958181,,,,,,,no,,,,,GEO,SRA1167458,,public,78B3C2246A66FFF239E8D0A81DA48401,B63942CBD84D76D24DBB29BA66E99AF7
SRR13202580,2020-12-07 16:28:19,2020-12-05 18:15:13,45313101,2265655050,0,50,977,,https://sra-downloadb.be-md.ncbi.nlm.nih.gov/sos3/sra-pub-run-19/SRR13202580/SRR13202580.1,SRX9635959,,OTHER,other,TRANSCRIPTOMIC,SINGLE,0,0,ILLUMINA,Illumina HiSeq 2000,SRP296472,PRJNA682757,,682757,SRS7835949,SAMN17007042,simple,9606,Homo sapiens,GSM4958182,,,,,,,no,,,,,GEO,SRA1167458,,public,C8904BB8F45C1514AC56E45C27E5A453,20EEE90705B67B682C2FD3587F5F46D6
SRR13202581,2020-12-07 16:28:19,2020-12-05 18:25:14,79923208,3996160400,0,50,1736,,https://sra-downloadb.be-md.ncbi.nlm.nih.gov/sos3/sra-pub-run-19/SRR13202581/SRR13202581.1,SRX9635960,,RNA-Seq,cDNA,TRANSCRIPTOMIC,SINGLE,0,0,ILLUMINA,Illumina HiSeq 2000,SRP296472,PRJNA682757,,682757,SRS7835950,SAMN17007041,simple,9606,Homo sapiens,GSM4958183,,,,,,,no,,,,,GEO,SRA1167458,,public,C7765410D2BEA9BC453E53258B491D6B,82F26D083D36B1BFC1B94442FC750296
SRR13202582,2020-12-07 16:28:19,2020-12-05 18:13:37,43167442,2158372100,0,50,947,,https://sra-downloadb.be-md.ncbi.nlm.nih.gov/sos3/sra-pub-run-21/SRR13202582/SRR13202582.1,SRX9635961,,RNA-Seq,cDNA,TRANSCRIPTOMIC,SINGLE,0,0,ILLUMINA,Illumina HiSeq 2000,SRP296472,PRJNA682757,,682757,SRS7835951,SAMN17007040,simple,9606,Homo sapiens,GSM4958184,,,,,,,no,,,,,GEO,SRA1167458,,public,8583595EE9FAE83C2AC25C2D73EE71B4,9F51150AC30AB1A3B915A330209EA890
SRR13202583,2020-12-07 16:28:19,2020-12-05 18:11:46,37300066,1865003300,0,50,812,,https://sra-downloadb.be-md.ncbi.nlm.nih.gov/sos3/sra-pub-run-20/SRR13202583/SRR13202583.1,SRX9635962,,RNA-Seq,cDNA,TRANSCRIPTOMIC,SINGLE,0,0,ILLUMINA,Illumina HiSeq 2000,SRP296472,PRJNA682757,,682757,SRS7835952,SAMN17007039,simple,9606,Homo sapiens,GSM4958185,,,,,,,no,,,,,GEO,SRA1167458,,public,45AB872DBF017F5514A1808AEF5E5E70,B73E86CCACD28924DA310D7F76497DFC
SRR13202584,2020-12-07 16:28:19,2020-12-05 18:15:05,39774156,1988707800,0,50,877,,https://sra-downloadb.be-md.ncbi.nlm.nih.gov/sos3/sra-pub-run-19/SRR13202584/SRR13202584.1,SRX9635963,,RNA-Seq,cDNA,TRANSCRIPTOMIC,SINGLE,0,0,ILLUMINA,Illumina HiSeq 2000,SRP296472,PRJNA682757,,682757,SRS7835953,SAMN17007038,simple,9606,Homo sapiens,GSM4958186,,,,,,,no,,,,,GEO,SRA1167458,,public,7D8B6B95641C9DCCE8B0F32279E3A956,691D78296DF490C1EF72910EE142DDB8
SRR13202585,2020-12-07 16:28:19,2020-12-05 18:13:23,39841344,1992067200,0,50,866,,https://sra-downloadb.be-md.ncbi.nlm.nih.gov/sos3/sra-pub-run-20/SRR13202585/SRR13202585.1,SRX9635964,,RNA-Seq,cDNA,TRANSCRIPTOMIC,SINGLE,0,0,ILLUMINA,Illumina HiSeq 2000,SRP296472,PRJNA682757,,682757,SRS7835954,SAMN17007037,simple,9606,Homo sapiens,GSM4958187,,,,,,,no,,,,,GEO,SRA1167458,,public,45FC7885894735F7CED349B6F8CCD5EA,85245830265D78ACEC5B41C5E7B75685
SRR13202586,2020-12-07 16:28:19,2020-12-05 18:11:06,32348345,1617417250,0,50,715,,https://sra-downloadb.be-md.ncbi.nlm.nih.gov/sos3/sra-pub-run-21/SRR13202586/SRR13202586.1,SRX9635965,,RNA-Seq,cDNA,TRANSCRIPTOMIC,SINGLE,0,0,ILLUMINA,Illumina HiSeq 2000,SRP296472,PRJNA682757,,682757,SRS7835955,SAMN17007036,simple,9606,Homo sapiens,GSM4958188,,,,,,,no,,,,,GEO,SRA1167458,,public,DE5F9CA9AF4C50548E491032F66C65A5,25B54550432FD26545C188EEEE39D7E0
SRR13202587,2020-12-07 16:28:19,2020-12-05 18:15:16,47861840,2393092000,0,50,1040,,https://sra-downloadb.be-md.ncbi.nlm.nih.gov/sos3/sra-pub-run-20/SRR13202587/SRR13202587.1,SRX9635966,,OTHER,other,TRANSCRIPTOMIC,SINGLE,0,0,ILLUMINA,Illumina HiSeq 2000,SRP296472,PRJNA682757,,682757,SRS7835956,SAMN17007035,simple,9606,Homo sapiens,GSM4958189,,,,,,,no,,,,,GEO,SRA1167458,,public,53C4ED7F76582D7A8B199A438536BA5F,96B717CCB4437D9ACD6790CDF1203124
SRR13202588,2020-12-07 16:28:19,2020-12-05 18:13:02,39422145,1971107250,0,50,861,,https://sra-downloadb.be-md.ncbi.nlm.nih.gov/sos3/sra-pub-run-21/SRR13202588/SRR13202588.1,SRX9635967,,OTHER,other,TRANSCRIPTOMIC,SINGLE,0,0,ILLUMINA,Illumina HiSeq 2000,SRP296472,PRJNA682757,,682757,SRS7835957,SAMN17007034,simple,9606,Homo sapiens,GSM4958190,,,,,,,no,,,,,GEO,SRA1167458,,public,84E0CE3FD52ADEC7B5271F9CC10BB700,9A2369A968F24724DB107A0BF89C462A
SRR13202589,2020-12-07 16:28:19,2020-12-05 18:16:45,51899713,2594985650,0,50,1123,,https://sra-downloadb.be-md.ncbi.nlm.nih.gov/sos3/sra-pub-run-19/SRR13202589/SRR13202589.1,SRX9635968,,OTHER,other,TRANSCRIPTOMIC,SINGLE,0,0,ILLUMINA,Illumina HiSeq 2000,SRP296472,PRJNA682757,,682757,SRS7835958,SAMN17007033,simple,9606,Homo sapiens,GSM4958191,,,,,,,no,,,,,GEO,SRA1167458,,public,E29A69E4956B4DFB07B85D77E13A9986,EFCA6BBFDE37A9B47166A15A027F0B7F
SRR13202590,2020-12-07 16:28:19,2020-12-05 18:12:18,42931695,2146584750,0,50,920,,https://sra-downloadb.be-md.ncbi.nlm.nih.gov/sos3/sra-pub-run-19/SRR13202590/SRR13202590.1,SRX9635969,,OTHER,other,TRANSCRIPTOMIC,SINGLE,0,0,ILLUMINA,Illumina HiSeq 2000,SRP296472,PRJNA682757,,682757,SRS7835959,SAMN17007032,simple,9606,Homo sapiens,GSM4958192,,,,,,,no,,,,,GEO,SRA1167458,,public,0BD137DD982CA07877925F158044251C,47CB0E7FA7899D610B4342CA15B89982
SRR13202591,2020-12-07 16:28:19,2020-12-05 18:12:36,38244022,1912201100,0,50,824,,https://sra-downloadb.be-md.ncbi.nlm.nih.gov/sos3/sra-pub-run-20/SRR13202591/SRR13202591.1,SRX9635970,,OTHER,other,TRANSCRIPTOMIC,SINGLE,0,0,ILLUMINA,Illumina HiSeq 2000,SRP296472,PRJNA682757,,682757,SRS7835960,SAMN17007031,simple,9606,Homo sapiens,GSM4958193,,,,,,,no,,,,,GEO,SRA1167458,,public,1174402587E617A154A9C84F9389C8C9,E1E679728078E4EE688351B74DD1C010
SRR13202592,2020-12-07 16:28:19,2020-12-05 18:13:04,34989572,1749478600,0,50,754,,https://sra-downloadb.be-md.ncbi.nlm.nih.gov/sos3/sra-pub-run-20/SRR13202592/SRR13202592.1,SRX9635971,,OTHER,other,TRANSCRIPTOMIC,SINGLE,0,0,ILLUMINA,Illumina HiSeq 2000,SRP296472,PRJNA682757,,682757,SRS7835961,SAMN17006969,simple,9606,Homo sapiens,GSM4958194,,,,,,,no,,,,,GEO,SRA1167458,,public,DDDC04AE4AD1D9B59CB28A8DF12559A8,69C382B7EE35C93EE151833DC6535421
SRR13202593,2020-12-07 16:28:19,2020-12-05 18:11:20,36203573,1810178650,0,50,764,,https://sra-downloadb.be-md.ncbi.nlm.nih.gov/sos3/sra-pub-run-19/SRR13202593/SRR13202593.1,SRX9635972,,RNA-Seq,cDNA,TRANSCRIPTOMIC,SINGLE,0,0,ILLUMINA,Illumina HiSeq 2000,SRP296472,PRJNA682757,,682757,SRS7835962,SAMN17006968,simple,9606,Homo sapiens,GSM4958195,,,,,,,no,,,,,GEO,SRA1167458,,public,CC94D06DD9545AC5DBBCCA1A28D045E6,31C82B88155251AFD9859341317D495D
SRR13202594,2020-12-07 16:28:19,2020-12-05 18:12:25,35184929,1759246450,0,50,744,,https://sra-downloadb.be-md.ncbi.nlm.nih.gov/sos3/sra-pub-run-19/SRR13202594/SRR13202594.1,SRX9635973,,RNA-Seq,cDNA,TRANSCRIPTOMIC,SINGLE,0,0,ILLUMINA,Illumina HiSeq 2000,SRP296472,PRJNA682757,,682757,SRS7835963,SAMN17006967,simple,9606,Homo sapiens,GSM4958196,,,,,,,no,,,,,GEO,SRA1167458,,public,1AE92CCED368604D5E33076B0309726A,4BCFFDC6C2AE0B6E58C634E2678FF8AA
SRR13202595,2020-12-07 16:28:19,2020-12-05 18:11:10,32889753,1644487650,0,50,696,,https://sra-downloadb.be-md.ncbi.nlm.nih.gov/sos3/sra-pub-run-20/SRR13202595/SRR13202595.1,SRX9635974,,RNA-Seq,cDNA,TRANSCRIPTOMIC,SINGLE,0,0,ILLUMINA,Illumina HiSeq 2000,SRP296472,PRJNA682757,,682757,SRS7835964,SAMN17006966,simple,9606,Homo sapiens,GSM4958197,,,,,,,no,,,,,GEO,SRA1167458,,public,6549683C512E5DEABCCB5DC1822AB355,299FA7020697EB3F969784BC69CF8533
SRR13202596,2020-12-07 16:28:19,2020-12-05 18:12:38,37282516,1864125800,0,50,786,,https://sra-downloadb.be-md.ncbi.nlm.nih.gov/sos3/sra-pub-run-19/SRR13202596/SRR13202596.1,SRX9635975,,RNA-Seq,cDNA,TRANSCRIPTOMIC,SINGLE,0,0,ILLUMINA,Illumina HiSeq 2000,SRP296472,PRJNA682757,,682757,SRS7835965,SAMN17006997,simple,9606,Homo sapiens,GSM4958198,,,,,,,no,,,,,GEO,SRA1167458,,public,EF633A562BF5BAC9801927403F531311,322EAD6831D01D572A56344CC361D0B5
SRR13202597,2020-12-07 16:28:19,2020-12-05 18:11:29,40761732,2038086600,0,50,864,,https://sra-downloadb.be-md.ncbi.nlm.nih.gov/sos3/sra-pub-run-21/SRR13202597/SRR13202597.1,SRX9635976,,RNA-Seq,cDNA,TRANSCRIPTOMIC,SINGLE,0,0,ILLUMINA,Illumina HiSeq 2000,SRP296472,PRJNA682757,,682757,SRS7835966,SAMN17006996,simple,9606,Homo sapiens,GSM4958199,,,,,,,no,,,,,GEO,SRA1167458,,public,9DF8268CE0EDF25AD8DF74A6449CA57D,10DAFF17DCBDEEBA6A827BA637E6C508
SRR13202598,2020-12-07 16:28:19,2020-12-05 18:12:21,38105974,1905298700,0,50,810,,https://sra-downloadb.be-md.ncbi.nlm.nih.gov/sos3/sra-pub-run-20/SRR13202598/SRR13202598.1,SRX9635977,,RNA-Seq,cDNA,TRANSCRIPTOMIC,SINGLE,0,0,ILLUMINA,Illumina HiSeq 2000,SRP296472,PRJNA682757,,682757,SRS7835967,SAMN17006995,simple,9606,Homo sapiens,GSM4958200,,,,,,,no,,,,,GEO,SRA1167458,,public,4693C1F8B98F2ADEBF2E3236C0C70103,54A60151D432C08197E9974188385EF4
SRR13202599,2020-12-07 16:28:19,2020-12-05 18:16:30,72827489,3641374450,0,50,1570,,https://sra-downloadb.be-md.ncbi.nlm.nih.gov/sos3/sra-pub-run-20/SRR13202599/SRR13202599.1,SRX9635978,,OTHER,other,TRANSCRIPTOMIC,SINGLE,0,0,ILLUMINA,Illumina HiSeq 2000,SRP296472,PRJNA682757,,682757,SRS7835968,SAMN17006994,simple,9606,Homo sapiens,GSM4958201,,,,,,,no,,,,,GEO,SRA1167458,,public,22A26B564DD635EEDB3F493327A52B43,FB00B9564B0E1F2CC5A8BD675DC34AAF
SRR13202600,2020-12-07 16:28:19,2020-12-05 18:27:56,84273455,4213672750,0,50,1813,,https://sra-downloadb.be-md.ncbi.nlm.nih.gov/sos3/sra-pub-run-20/SRR13202600/SRR13202600.1,SRX9635979,,OTHER,other,TRANSCRIPTOMIC,SINGLE,0,0,ILLUMINA,Illumina HiSeq 2000,SRP296472,PRJNA682757,,682757,SRS7835969,SAMN17006993,simple,9606,Homo sapiens,GSM4958202,,,,,,,no,,,,,GEO,SRA1167458,,public,0CC1DD2C210DB085C948FD57651E284A,7FCE29FACFCA649714B00DD6D7077268
SRR13202601,2020-12-07 16:28:19,2020-12-05 18:23:41,77973549,3898677450,0,50,1684,,https://sra-downloadb.be-md.ncbi.nlm.nih.gov/sos3/sra-pub-run-21/SRR13202601/SRR13202601.1,SRX9635980,,OTHER,other,TRANSCRIPTOMIC,SINGLE,0,0,ILLUMINA,Illumina HiSeq 2000,SRP296472,PRJNA682757,,682757,SRS7835970,SAMN17006992,simple,9606,Homo sapiens,GSM4958203,,,,,,,no,,,,,GEO,SRA1167458,,public,9DBF5C71500E845C7D1887373D4F5A66,98E02B02ABC31EEBCF1270EF7758736D
SRR13202602,2020-12-07 16:28:19,2020-12-05 18:23:43,77830461,3891523050,0,50,1636,,https://sra-downloadb.be-md.ncbi.nlm.nih.gov/sos3/sra-pub-run-19/SRR13202602/SRR13202602.1,SRX9635981,,OTHER,other,TRANSCRIPTOMIC,SINGLE,0,0,ILLUMINA,Illumina HiSeq 2000,SRP296472,PRJNA682757,,682757,SRS7835971,SAMN17006991,simple,9606,Homo sapiens,GSM4958204,,,,,,,no,,,,,GEO,SRA1167458,,public,998E4CEFFC3DF7904CD6286B188CBA4D,DA6627C86D1437AED6B02C68E25CCBAD
SRR13202603,2020-12-07 16:28:19,2020-12-05 18:25:33,73450046,3672502300,0,50,1543,,https://sra-downloadb.be-md.ncbi.nlm.nih.gov/sos3/sra-pub-run-21/SRR13202603/SRR13202603.1,SRX9635982,,OTHER,other,TRANSCRIPTOMIC,SINGLE,0,0,ILLUMINA,Illumina HiSeq 2000,SRP296472,PRJNA682757,,682757,SRS7835972,SAMN17006990,simple,9606,Homo sapiens,GSM4958205,,,,,,,no,,,,,GEO,SRA1167458,,public,E136C798A17441BCA1875A4EA08C192C,4B3BFBA869C1A8169E8843CF563655F0
SRR13202604,2020-12-07 16:28:19,2020-12-05 18:26:24,83223176,4161158800,0,50,1742,,https://sra-downloadb.be-md.ncbi.nlm.nih.gov/sos3/sra-pub-run-19/SRR13202604/SRR13202604.1,SRX9635983,,OTHER,other,TRANSCRIPTOMIC,SINGLE,0,0,ILLUMINA,Illumina HiSeq 2000,SRP296472,PRJNA682757,,682757,SRS7835973,SAMN17006989,simple,9606,Homo sapiens,GSM4958206,,,,,,,no,,,,,GEO,SRA1167458,,public,AD314FC0FE807EBC7294E58F6FC829CC,24D39E9CCFEC62F85FA7922D0A5D131C
SRR13202605,2020-12-07 16:28:19,2020-12-05 18:24:08,43169726,2158486300,0,50,901,,https://sra-downloadb.be-md.ncbi.nlm.nih.gov/sos3/sra-pub-run-20/SRR13202605/SRR13202605.1,SRX9635984,,RNA-Seq,cDNA,TRANSCRIPTOMIC,SINGLE,0,0,ILLUMINA,Illumina HiSeq 2000,SRP296472,PRJNA682757,,682757,SRS7835974,SAMN17006988,simple,9606,Homo sapiens,GSM4958207,,,,,,,no,,,,,GEO,SRA1167458,,public,9AA56EE94402ACD7E54DAE8C795CCF84,758FC009A25BEFA7A185C4492473E6A4
SRR13202606,2020-12-07 16:28:19,2020-12-05 18:12:33,41711896,2085594800,0,50,877,,https://sra-downloadb.be-md.ncbi.nlm.nih.gov/sos3/sra-pub-run-21/SRR13202606/SRR13202606.1,SRX9635985,,RNA-Seq,cDNA,TRANSCRIPTOMIC,SINGLE,0,0,ILLUMINA,Illumina HiSeq 2000,SRP296472,PRJNA682757,,682757,SRS7835975,SAMN17006987,simple,9606,Homo sapiens,GSM4958208,,,,,,,no,,,,,GEO,SRA1167458,,public,4DC712651BE1EB2455D419749F854170,D3EF4B9F795CBE98C5747DC84AC31701
SRR13202607,2020-12-07 16:28:19,2020-12-05 18:13:53,44111716,2205585800,0,50,921,,https://sra-downloadb.be-md.ncbi.nlm.nih.gov/sos3/sra-pub-run-21/SRR13202607/SRR13202607.1,SRX9635986,,RNA-Seq,cDNA,TRANSCRIPTOMIC,SINGLE,0,0,ILLUMINA,Illumina HiSeq 2000,SRP296472,PRJNA682757,,682757,SRS7835976,SAMN17006986,simple,9606,Homo sapiens,GSM4958209,,,,,,,no,,,,,GEO,SRA1167458,,public,4696EE8CE0B4AB63565E46D085A3414E,38435163713483EF673E3CD885D7628D
SRR13202608,2020-12-07 16:28:19,2020-12-05 18:14:01,42418134,2120906700,0,50,896,,https://sra-downloadb.be-md.ncbi.nlm.nih.gov/sos3/sra-pub-run-20/SRR13202608/SRR13202608.1,SRX9635987,,RNA-Seq,cDNA,TRANSCRIPTOMIC,SINGLE,0,0,ILLUMINA,Illumina HiSeq 2000,SRP296472,PRJNA682757,,682757,SRS7835977,SAMN17006985,simple,9606,Homo sapiens,GSM4958210,,,,,,,no,,,,,GEO,SRA1167458,,public,A93379FB49860FF03278A9429E2E7DE0,C4016D52F66205B1A520E4FAC08F3E61
SRR13202609,2020-12-07 16:28:19,2020-12-05 18:14:35,44159207,2207960350,0,50,922,,https://sra-downloadb.be-md.ncbi.nlm.nih.gov/sos3/sra-pub-run-21/SRR13202609/SRR13202609.1,SRX9635988,,RNA-Seq,cDNA,TRANSCRIPTOMIC,SINGLE,0,0,ILLUMINA,Illumina HiSeq 2000,SRP296472,PRJNA682757,,682757,SRS7835978,SAMN17006984,simple,9606,Homo sapiens,GSM4958211,,,,,,,no,,,,,GEO,SRA1167458,,public,A53CD3B99F18BB7A751276078ACEB2C4,08EA2AD6075A6DFF6DA4C36377FCFA44
SRR13202610,2020-12-07 16:28:19,2020-12-05 18:13:05,42030970,2101548500,0,50,886,,https://sra-downloadb.be-md.ncbi.nlm.nih.gov/sos3/sra-pub-run-19/SRR13202610/SRR13202610.1,SRX9635989,,RNA-Seq,cDNA,TRANSCRIPTOMIC,SINGLE,0,0,ILLUMINA,Illumina HiSeq 2000,SRP296472,PRJNA682757,,682757,SRS7835979,SAMN17006983,simple,9606,Homo sapiens,GSM4958212,,,,,,,no,,,,,GEO,SRA1167458,,public,682730405DAA95CBB5D59A00D380612B,9601C0522AD82F4B7282B523612A7396
SRR13202611,2020-12-07 16:28:19,2020-12-05 18:26:31,88923605,4446180250,0,50,1876,,https://sra-downloadb.be-md.ncbi.nlm.nih.gov/sos3/sra-pub-run-20/SRR13202611/SRR13202611.1,SRX9635990,,OTHER,other,TRANSCRIPTOMIC,SINGLE,0,0,ILLUMINA,Illumina HiSeq 2000,SRP296472,PRJNA682757,,682757,SRS7835980,SAMN17006982,simple,9606,Homo sapiens,GSM4958213,,,,,,,no,,,,,GEO,SRA1167458,,public,CF33ACE29956B39EB6967DF0DF00CA79,195113EEF3F72088BC549391F9C27FBD
SRR13202612,2020-12-07 16:28:19,2020-12-05 18:24:28,77429226,3871461300,0,50,1647,,https://sra-downloadb.be-md.ncbi.nlm.nih.gov/sos3/sra-pub-run-21/SRR13202612/SRR13202612.1,SRX9635991,,OTHER,other,TRANSCRIPTOMIC,SINGLE,0,0,ILLUMINA,Illumina HiSeq 2000,SRP296472,PRJNA682757,,682757,SRS7835981,SAMN17007014,simple,9606,Homo sapiens,GSM4958214,,,,,,,no,,,,,GEO,SRA1167458,,public,D5C7E0811473E8C20E1F3726D9D750A2,A4DE7EF55FBE5B80290574EF071DC47E
SRR13202613,2020-12-07 16:28:20,2020-12-05 18:35:12,88898723,4444936150,0,50,1873,,https://sra-downloadb.be-md.ncbi.nlm.nih.gov/sos3/sra-pub-run-20/SRR13202613/SRR13202613.1,SRX9635992,,OTHER,other,TRANSCRIPTOMIC,SINGLE,0,0,ILLUMINA,Illumina HiSeq 2000,SRP296472,PRJNA682757,,682757,SRS7835982,SAMN17007013,simple,9606,Homo sapiens,GSM4958215,,,,,,,no,,,,,GEO,SRA1167458,,public,3E6A449D25B8775969B7E0BD662C4F04,BF95E18820BB46C13D3C8593813FABAC
SRR13202614,2020-12-07 16:28:20,2020-12-05 18:23:10,75455622,3772781100,0,50,1604,,https://sra-downloadb.be-md.ncbi.nlm.nih.gov/sos3/sra-pub-run-21/SRR13202614/SRR13202614.1,SRX9635993,,OTHER,other,TRANSCRIPTOMIC,SINGLE,0,0,ILLUMINA,Illumina HiSeq 2000,SRP296472,PRJNA682757,,682757,SRS7835983,SAMN17007012,simple,9606,Homo sapiens,GSM4958216,,,,,,,no,,,,,GEO,SRA1167458,,public,1FAAF6240E440C5C0EAB795CAE1EF739,95FD1B75B28D61B55AE5E929015FD2C9
SRR13202615,2020-12-07 16:28:20,2020-12-05 18:27:14,92460553,4623027650,0,50,1965,,https://sra-downloadb.be-md.ncbi.nlm.nih.gov/sos3/sra-pub-run-21/SRR13202615/SRR13202615.1,SRX9635994,,OTHER,other,TRANSCRIPTOMIC,SINGLE,0,0,ILLUMINA,Illumina HiSeq 2000,SRP296472,PRJNA682757,,682757,SRS7835984,SAMN17007011,simple,9606,Homo sapiens,GSM4958217,,,,,,,no,,,,,GEO,SRA1167458,,public,CBD45D6855A95096EEF580809C8D2E05,7ACCA1C7E80A53A7474BCC1FAB3827A3
SRR13202616,2020-12-07 16:28:20,2020-12-05 18:28:36,83656404,4182820200,0,50,1777,,https://sra-downloadb.be-md.ncbi.nlm.nih.gov/sos3/sra-pub-run-19/SRR13202616/SRR13202616.1,SRX9635995,,OTHER,other,TRANSCRIPTOMIC,SINGLE,0,0,ILLUMINA,Illumina HiSeq 2000,SRP296472,PRJNA682757,,682757,SRS7835985,SAMN17007010,simple,9606,Homo sapiens,GSM4958218,,,,,,,no,,,,,GEO,SRA1167458,,public,9382DFF688A08821A6310EE0C87608EC,BBBE7252BB0B8B96BB22538810CC89D8
SRR13202617,2020-12-07 16:28:20,2020-12-05 18:15:32,47385657,3080067705,0,65,1278,,https://sra-downloadb.be-md.ncbi.nlm.nih.gov/sos3/sra-pub-run-20/SRR13202617/SRR13202617.1,SRX9635996,,RNA-Seq,cDNA,TRANSCRIPTOMIC,SINGLE,0,0,ILLUMINA,Illumina HiSeq 2000,SRP296472,PRJNA682757,,682757,SRS7835986,SAMN17007009,simple,9606,Homo sapiens,GSM4958219,,,,,,,no,,,,,GEO,SRA1167458,,public,3F43446D62305EC5A8769FCA5502C0FA,AECB9E6FC7FE769B6350B2C7BFBB9916
SRR13202618,2020-12-07 16:28:20,2020-12-05 18:13:30,45067326,2929376190,0,65,1212,,https://sra-downloadb.be-md.ncbi.nlm.nih.gov/sos3/sra-pub-run-19/SRR13202618/SRR13202618.1,SRX9635997,,RNA-Seq,cDNA,TRANSCRIPTOMIC,SINGLE,0,0,ILLUMINA,Illumina HiSeq 2000,SRP296472,PRJNA682757,,682757,SRS7835987,SAMN17007008,simple,9606,Homo sapiens,GSM4958220,,,,,,,no,,,,,GEO,SRA1167458,,public,F600D1A34AA352040E0A20CA470ECBD8,9DF323BC2ECF71FD9720E4927509FD6D
SRR13202619,2020-12-07 16:28:20,2020-12-05 18:14:31,41514770,2698460050,0,65,1114,,https://sra-downloadb.be-md.ncbi.nlm.nih.gov/sos3/sra-pub-run-20/SRR13202619/SRR13202619.1,SRX9635998,,RNA-Seq,cDNA,TRANSCRIPTOMIC,SINGLE,0,0,ILLUMINA,Illumina HiSeq 2000,SRP296472,PRJNA682757,,682757,SRS7835988,SAMN17007007,simple,9606,Homo sapiens,GSM4958221,,,,,,,no,,,,,GEO,SRA1167458,,public,530D778D7EACE94FDA85A0BC08244302,A26B948EDBFDCB26F147F282AD6DCD4E
SRR13202620,2020-12-07 16:28:20,2020-12-05 18:14:33,41063807,2669147455,0,65,1104,,https://sra-downloadb.be-md.ncbi.nlm.nih.gov/sos3/sra-pub-run-19/SRR13202620/SRR13202620.1,SRX9635999,,RNA-Seq,cDNA,TRANSCRIPTOMIC,SINGLE,0,0,ILLUMINA,Illumina HiSeq 2000,SRP296472,PRJNA682757,,682757,SRS7835989,SAMN17007006,simple,9606,Homo sapiens,GSM4958222,,,,,,,no,,,,,GEO,SRA1167458,,public,A562F4C94BCEA81E7449C2EFE13C52F6,228E8F9C5CBFB2AC5F6F7CE04E2A2C9C
SRR13202621,2020-12-07 16:28:20,2020-12-05 18:16:24,48339916,3142094540,0,65,1297,,https://sra-downloadb.be-md.ncbi.nlm.nih.gov/sos3/sra-pub-run-21/SRR13202621/SRR13202621.1,SRX9636000,,RNA-Seq,cDNA,TRANSCRIPTOMIC,SINGLE,0,0,ILLUMINA,Illumina HiSeq 2000,SRP296472,PRJNA682757,,682757,SRS7835990,SAMN17007005,simple,9606,Homo sapiens,GSM4958223,,,,,,,no,,,,,GEO,SRA1167458,,public,38A42EB01C97BAD1BB9B6B119415001B,C00D0A94B284BA6F27383942FE578B47
SRR13202622,2020-12-07 16:28:20,2020-12-05 18:14:23,43183080,2806900200,0,65,1162,,https://sra-downloadb.be-md.ncbi.nlm.nih.gov/sos3/sra-pub-run-21/SRR13202622/SRR13202622.1,SRX9636001,,RNA-Seq,cDNA,TRANSCRIPTOMIC,SINGLE,0,0,ILLUMINA,Illumina HiSeq 2000,SRP296472,PRJNA682757,,682757,SRS7835991,SAMN17006998,simple,9606,Homo sapiens,GSM4958224,,,,,,,no,,,,,GEO,SRA1167458,,public,27DE549A4E813CB8F4A0C6317898631F,8919339FA9EF0AA5720405A1E31A0F20
SRR13202623,2020-12-07 16:28:20,2020-12-05 18:24:33,78967602,5132894130,0,65,2133,,https://sra-downloadb.be-md.ncbi.nlm.nih.gov/sos3/sra-pub-run-19/SRR13202623/SRR13202623.1,SRX9636002,,OTHER,other,TRANSCRIPTOMIC,SINGLE,0,0,ILLUMINA,Illumina HiSeq 2000,SRP296472,PRJNA682757,,682757,SRS7835992,SAMN17007004,simple,9606,Homo sapiens,GSM4958225,,,,,,,no,,,,,GEO,SRA1167458,,public,4F7844F7A7A1C796FFD588957D37CA5C,07FBCD21BA282EB855DF960D5ED11F0F
SRR13202624,2020-12-07 16:28:20,2020-12-05 18:25:06,87508518,5688053670,0,65,2376,,https://sra-downloadb.be-md.ncbi.nlm.nih.gov/sos3/sra-pub-run-20/SRR13202624/SRR13202624.1,SRX9636003,,OTHER,other,TRANSCRIPTOMIC,SINGLE,0,0,ILLUMINA,Illumina HiSeq 2000,SRP296472,PRJNA682757,,682757,SRS7835993,SAMN17007003,simple,9606,Homo sapiens,GSM4958226,,,,,,,no,,,,,GEO,SRA1167458,,public,A453658D3F0E1356057800EBE80679A7,5DA39EE834FC01F8C1B4BA718ED2089C
SRR13202625,2020-12-07 16:28:20,2020-12-05 18:31:30,99029802,6436937130,0,65,2696,,https://sra-downloadb.be-md.ncbi.nlm.nih.gov/sos3/sra-pub-run-19/SRR13202625/SRR13202625.1,SRX9636004,,OTHER,other,TRANSCRIPTOMIC,SINGLE,0,0,ILLUMINA,Illumina HiSeq 2000,SRP296472,PRJNA682757,,682757,SRS7835994,SAMN17007002,simple,9606,Homo sapiens,GSM4958227,,,,,,,no,,,,,GEO,SRA1167458,,public,9317E889E007EF84259D78B2D2C61C12,F836C54CED30547A5BDBCF49334DC620
SRR13202626,2020-12-07 16:28:20,2020-12-05 18:29:02,83072513,5399713345,0,65,2324,,https://sra-downloadb.be-md.ncbi.nlm.nih.gov/sos3/sra-pub-run-21/SRR13202626/SRR13202626.1,SRX9636005,,OTHER,other,TRANSCRIPTOMIC,SINGLE,0,0,ILLUMINA,Illumina HiSeq 2000,SRP296472,PRJNA682757,,682757,SRS7835995,SAMN17007001,simple,9606,Homo sapiens,GSM4958228,,,,,,,no,,,,,GEO,SRA1167458,,public,F69B515A057B7DE48BD4D7760F56BECB,D9DA10D95B7B56683BC7E224CDFC5C4F
SRR13202627,2020-12-07 16:28:20,2020-12-05 18:31:58,90118341,5857692165,0,65,2491,,https://sra-downloadb.be-md.ncbi.nlm.nih.gov/sos3/sra-pub-run-21/SRR13202627/SRR13202627.1,SRX9636006,,OTHER,other,TRANSCRIPTOMIC,SINGLE,0,0,ILLUMINA,Illumina HiSeq 2000,SRP296472,PRJNA682757,,682757,SRS7835996,SAMN17007000,simple,9606,Homo sapiens,GSM4958229,,,,,,,no,,,,,GEO,SRA1167458,,public,26A17D265490D39B37D57404DC183434,D7B140A076CDD4F66F176DB0A318D75D
SRR13202628,2020-12-07 16:28:20,2020-12-05 18:22:30,73962675,4807573875,0,65,2038,,https://sra-downloadb.be-md.ncbi.nlm.nih.gov/sos3/sra-pub-run-19/SRR13202628/SRR13202628.1,SRX9636007,,OTHER,other,TRANSCRIPTOMIC,SINGLE,0,0,ILLUMINA,Illumina HiSeq 2000,SRP296472,PRJNA682757,,682757,SRS7835997,SAMN17006999,simple,9606,Homo sapiens,GSM4958230,,,,,,,no,,,,,GEO,SRA1167458,,public,C40C567781D336E5CF80058C444B2935,F808B58EBAE35F07911C7F32068E6819

